gen,kind,idx,fit,wins,ties,margin,sigma
0,best,0,9293,1,0,-707,0.35
1,champ,-1,-667,0,0,-667,0.34125
1,child,0,9601,1,0,-399,0.34125
1,child,1,9379,1,0,-621,0.34125
1,child,2,-509,0,0,-509,0.34125
1,child,3,-684,0,0,-684,0.34125
1,child,4,-687,0,0,-687,0.34125
1,child,5,9569,1,0,-431,0.34125
1,child,6,-688,0,0,-688,0.34125
1,child,7,9475,1,0,-525,0.34125
1,child,8,-586,0,0,-586,0.34125
1,child,9,-593,0,0,-593,0.34125
1,child,10,-561,0,0,-561,0.34125
1,child,11,-470,0,0,-470,0.34125
1,child,12,9396,1,0,-604,0.34125
1,child,13,-533,0,0,-533,0.34125
1,child,14,-772,0,0,-772,0.34125
1,child,15,11419,1,1,-581,0.34125
1,child,16,-585,0,0,-585,0.34125
1,child,17,-485,0,0,-485,0.34125
1,child,18,9568,1,0,-432,0.34125
1,child,19,9555,1,0,-445,0.34125
1,child,20,-773,0,0,-773,0.34125
1,child,21,-665,0,0,-665,0.34125
1,child,22,9578,1,0,-422,0.34125
1,child,23,-607,0,0,-607,0.34125
2,champ,-1,9463,1,0,-537,0.33271875
2,child,0,-403,0,0,-403,0.33271875
2,child,1,-614,0,0,-614,0.33271875
2,child,2,-601,0,0,-601,0.33271875
2,child,3,-485,0,0,-485,0.33271875
2,child,4,-542,0,0,-542,0.33271875
2,child,5,19531,2,0,-469,0.33271875
2,child,6,9561,1,0,-439,0.33271875
2,child,7,-496,0,0,-496,0.33271875
2,child,8,9337,1,0,-663,0.33271875
2,child,9,-444,0,0,-444,0.33271875
2,child,10,1330,0,1,-670,0.33271875
2,child,11,-633,0,0,-633,0.33271875
2,child,12,9569,1,0,-431,0.33271875
2,child,13,-623,0,0,-623,0.33271875
2,child,14,-557,0,0,-557,0.33271875
2,child,15,-537,0,0,-537,0.33271875
2,child,16,-579,0,0,-579,0.33271875
2,child,17,-526,0,0,-526,0.33271875
2,child,18,9571,1,0,-429,0.33271875
2,child,19,19580,2,0,-420,0.33271875
2,child,20,-544,0,0,-544,0.33271875
2,child,21,-595,0,0,-595,0.33271875
2,child,22,1502,0,1,-498,0.33271875
2,child,23,-498,0,0,-498,0.33271875
3,champ,-1,19600,2,0,-400,0.32440078125
3,child,0,-561,0,0,-561,0.32440078125
3,child,1,-706,0,0,-706,0.32440078125
3,child,2,9569,1,0,-431,0.32440078125
3,child,3,-446,0,0,-446,0.32440078125
3,child,4,9518,1,0,-482,0.32440078125
3,child,5,13724,1,2,-276,0.32440078125
3,child,6,-542,0,0,-542,0.32440078125
3,child,7,-392,0,0,-392,0.32440078125
3,child,8,9583,1,0,-417,0.32440078125
3,child,9,-550,0,0,-550,0.32440078125
3,child,10,-547,0,0,-547,0.32440078125
3,child,11,19527,2,0,-473,0.32440078125
3,child,12,-454,0,0,-454,0.32440078125
3,child,13,29677,3,0,-323,0.32440078125
3,child,14,-643,0,0,-643,0.32440078125
3,child,15,19660,2,0,-340,0.32440078125
3,child,16,-582,0,0,-582,0.32440078125
3,child,17,-616,0,0,-616,0.32440078125
3,child,18,-640,0,0,-640,0.32440078125
3,child,19,-464,0,0,-464,0.32440078125
3,child,20,9575,1,0,-425,0.32440078125
3,child,21,-548,0,0,-548,0.32440078125
3,child,22,1475,0,1,-525,0.32440078125
3,child,23,-557,0,0,-557,0.32440078125
4,champ,-1,19634,2,0,-366,0.31629076171875
4,child,0,-453,0,0,-453,0.31629076171875
4,child,1,-546,0,0,-546,0.31629076171875
4,child,2,-601,0,0,-601,0.31629076171875
4,child,3,-611,0,0,-611,0.31629076171875
4,child,4,-534,0,0,-534,0.31629076171875
4,child,5,-702,0,0,-702,0.31629076171875
4,child,6,-584,0,0,-584,0.31629076171875
4,child,7,-536,0,0,-536,0.31629076171875
4,child,8,-464,0,0,-464,0.31629076171875
4,child,9,9643,1,0,-357,0.31629076171875
4,child,10,19557,2,0,-443,0.31629076171875
4,child,11,-532,0,0,-532,0.31629076171875
4,child,12,9520,1,0,-480,0.31629076171875
4,child,13,9530,1,0,-470,0.31629076171875
4,child,14,-523,0,0,-523,0.31629076171875
4,child,15,-715,0,0,-715,0.31629076171875
4,child,16,-694,0,0,-694,0.31629076171875
4,child,17,-599,0,0,-599,0.31629076171875
4,child,18,-561,0,0,-561,0.31629076171875
4,child,19,-477,0,0,-477,0.31629076171875
4,child,20,9555,1,0,-445,0.31629076171875
4,child,21,-447,0,0,-447,0.31629076171875
4,child,22,-546,0,0,-546,0.31629076171875
4,child,23,-638,0,0,-638,0.31629076171875
5,champ,-1,9574,1,0,-426,0.30838349267578125
5,child,0,-673,0,0,-673,0.30838349267578125
5,child,1,9487,1,0,-513,0.30838349267578125
5,child,2,-491,0,0,-491,0.30838349267578125
5,child,3,9504,1,0,-496,0.30838349267578125
5,child,4,-479,0,0,-479,0.30838349267578125
5,child,5,-638,0,0,-638,0.30838349267578125
5,child,6,-492,0,0,-492,0.30838349267578125
5,child,7,-511,0,0,-511,0.30838349267578125
5,child,8,19509,2,0,-491,0.30838349267578125
5,child,9,1505,0,1,-495,0.30838349267578125
5,child,10,-713,0,0,-713,0.30838349267578125
5,child,11,9560,1,0,-440,0.30838349267578125
5,child,12,9494,1,0,-506,0.30838349267578125
5,child,13,-589,0,0,-589,0.30838349267578125
5,child,14,9436,1,0,-564,0.30838349267578125
5,child,15,19630,2,0,-370,0.30838349267578125
5,child,16,-519,0,0,-519,0.30838349267578125
5,child,17,9561,1,0,-439,0.30838349267578125
5,child,18,-577,0,0,-577,0.30838349267578125
5,child,19,-549,0,0,-549,0.30838349267578125
5,child,20,19548,2,0,-452,0.30838349267578125
5,child,21,-607,0,0,-607,0.30838349267578125
5,child,22,-601,0,0,-601,0.30838349267578125
5,child,23,19541,2,0,-459,0.30838349267578125
6,champ,-1,29699,3,0,-301,0.3006739053588867
6,child,0,-567,0,0,-567,0.3006739053588867
6,child,1,-642,0,0,-642,0.3006739053588867
6,child,2,19635,2,0,-365,0.3006739053588867
6,child,3,19509,2,0,-491,0.3006739053588867
6,child,4,19581,2,0,-419,0.3006739053588867
6,child,5,9595,1,0,-405,0.3006739053588867
6,child,6,-510,0,0,-510,0.3006739053588867
6,child,7,-479,0,0,-479,0.3006739053588867
6,child,8,-456,0,0,-456,0.3006739053588867
6,child,9,19639,2,0,-361,0.3006739053588867
6,child,10,9331,1,0,-669,0.3006739053588867
6,child,11,19503,2,0,-497,0.3006739053588867
6,child,12,-521,0,0,-521,0.3006739053588867
6,child,13,9570,1,0,-430,0.3006739053588867
6,child,14,-628,0,0,-628,0.3006739053588867
6,child,15,1587,0,1,-413,0.3006739053588867
6,child,16,9501,1,0,-499,0.3006739053588867
6,child,17,-612,0,0,-612,0.3006739053588867
6,child,18,-489,0,0,-489,0.3006739053588867
6,child,19,29629,3,0,-371,0.3006739053588867
6,child,20,-547,0,0,-547,0.3006739053588867
6,child,21,19592,2,0,-408,0.3006739053588867
6,child,22,-654,0,0,-654,0.3006739053588867
6,child,23,-741,0,0,-741,0.3006739053588867
7,champ,-1,29681,3,0,-319,0.2931570577249145
7,child,0,-620,0,0,-620,0.2931570577249145
7,child,1,19685,2,0,-315,0.2931570577249145
7,child,2,-643,0,0,-643,0.2931570577249145
7,child,3,-606,0,0,-606,0.2931570577249145
7,child,4,-554,0,0,-554,0.2931570577249145
7,child,5,9621,1,0,-379,0.2931570577249145
7,child,6,9586,1,0,-414,0.2931570577249145
7,child,7,-652,0,0,-652,0.2931570577249145
7,child,8,9452,1,0,-548,0.2931570577249145
7,child,9,29626,3,0,-374,0.2931570577249145
7,child,10,-578,0,0,-578,0.2931570577249145
7,child,11,-599,0,0,-599,0.2931570577249145
7,child,12,-551,0,0,-551,0.2931570577249145
7,child,13,9600,1,0,-400,0.2931570577249145
7,child,14,-511,0,0,-511,0.2931570577249145
7,child,15,-595,0,0,-595,0.2931570577249145
7,child,16,-588,0,0,-588,0.2931570577249145
7,child,17,19584,2,0,-416,0.2931570577249145
7,child,18,9548,1,0,-452,0.2931570577249145
7,child,19,9574,1,0,-426,0.2931570577249145
7,child,20,9650,1,0,-350,0.2931570577249145
7,child,21,9517,1,0,-483,0.2931570577249145
7,child,22,-428,0,0,-428,0.2931570577249145
7,child,23,-548,0,0,-548,0.2931570577249145
8,champ,-1,9567,1,0,-433,0.28582813128179163
8,child,0,9580,1,0,-420,0.28582813128179163
8,child,1,-572,0,0,-572,0.28582813128179163
8,child,2,1341,0,1,-659,0.28582813128179163
8,child,3,9551,1,0,-449,0.28582813128179163
8,child,4,9643,1,0,-357,0.28582813128179163
8,child,5,-472,0,0,-472,0.28582813128179163
8,child,6,9655,1,0,-345,0.28582813128179163
8,child,7,9575,1,0,-425,0.28582813128179163
8,child,8,1566,0,1,-434,0.28582813128179163
8,child,9,9603,1,0,-397,0.28582813128179163
8,child,10,-647,0,0,-647,0.28582813128179163
8,child,11,-710,0,0,-710,0.28582813128179163
8,child,12,-720,0,0,-720,0.28582813128179163
8,child,13,9507,1,0,-493,0.28582813128179163
8,child,14,-614,0,0,-614,0.28582813128179163
8,child,15,9467,1,0,-533,0.28582813128179163
8,child,16,9494,1,0,-506,0.28582813128179163
8,child,17,19569,2,0,-431,0.28582813128179163
8,child,18,-535,0,0,-535,0.28582813128179163
8,child,19,9416,1,0,-584,0.28582813128179163
8,child,20,-601,0,0,-601,0.28582813128179163
8,child,21,9520,1,0,-480,0.28582813128179163
8,child,22,-638,0,0,-638,0.28582813128179163
8,child,23,9430,1,0,-570,0.28582813128179163
9,champ,-1,9714,1,0,-286,0.27868242799974685
9,child,0,19570,2,0,-430,0.27868242799974685
9,child,1,9303,1,0,-697,0.27868242799974685
9,child,2,11545,1,1,-455,0.27868242799974685
9,child,3,-672,0,0,-672,0.27868242799974685
9,child,4,19661,2,0,-339,0.27868242799974685
9,child,5,1510,0,1,-490,0.27868242799974685
9,child,6,9458,1,0,-542,0.27868242799974685
9,child,7,19509,2,0,-491,0.27868242799974685
9,child,8,9589,1,0,-411,0.27868242799974685
9,child,9,-608,0,0,-608,0.27868242799974685
9,child,10,-574,0,0,-574,0.27868242799974685
9,child,11,-588,0,0,-588,0.27868242799974685
9,child,12,-483,0,0,-483,0.27868242799974685
9,child,13,-538,0,0,-538,0.27868242799974685
9,child,14,-604,0,0,-604,0.27868242799974685
9,child,15,9603,1,0,-397,0.27868242799974685
9,child,16,-623,0,0,-623,0.27868242799974685
9,child,17,9562,1,0,-438,0.27868242799974685
9,child,18,-600,0,0,-600,0.27868242799974685
9,child,19,9550,1,0,-450,0.27868242799974685
9,child,20,9609,1,0,-391,0.27868242799974685
9,child,21,29646,3,0,-354,0.27868242799974685
9,child,22,-649,0,0,-649,0.27868242799974685
9,child,23,9544,1,0,-456,0.27868242799974685
10,champ,-1,9635,1,0,-365,0.27171536729975315
10,child,0,19533,2,0,-467,0.27171536729975315
10,child,1,29682,3,0,-318,0.27171536729975315
10,child,2,-651,0,0,-651,0.27171536729975315
10,child,3,19579,2,0,-421,0.27171536729975315
10,child,4,-580,0,0,-580,0.27171536729975315
10,child,5,9514,1,0,-486,0.27171536729975315
10,child,6,-533,0,0,-533,0.27171536729975315
10,child,7,-463,0,0,-463,0.27171536729975315
10,child,8,29703,3,0,-297,0.27171536729975315
10,child,9,9593,1,0,-407,0.27171536729975315
10,child,10,11571,1,1,-429,0.27171536729975315
10,child,11,29595,3,0,-405,0.27171536729975315
10,child,12,-518,0,0,-518,0.27171536729975315
10,child,13,-503,0,0,-503,0.27171536729975315
10,child,14,9450,1,0,-550,0.27171536729975315
10,child,15,-611,0,0,-611,0.27171536729975315
10,child,16,-595,0,0,-595,0.27171536729975315
10,child,17,19639,2,0,-361,0.27171536729975315
10,child,18,9519,1,0,-481,0.27171536729975315
10,child,19,19688,2,0,-312,0.27171536729975315
10,child,20,9579,1,0,-421,0.27171536729975315
10,child,21,9447,1,0,-553,0.27171536729975315
10,child,22,-477,0,0,-477,0.27171536729975315
10,child,23,9462,1,0,-538,0.27171536729975315
11,champ,-1,29717,3,0,-283,0.2649224831172593
11,child,0,19784,2,0,-216,0.2649224831172593
11,child,1,19483,2,0,-517,0.2649224831172593
11,child,2,19721,2,0,-279,0.2649224831172593
11,child,3,9552,1,0,-448,0.2649224831172593
11,child,4,-502,0,0,-502,0.2649224831172593
11,child,5,21626,2,1,-374,0.2649224831172593
11,child,6,9463,1,0,-537,0.2649224831172593
11,child,7,29732,3,0,-268,0.2649224831172593
11,child,8,-665,0,0,-665,0.2649224831172593
11,child,9,9386,1,0,-614,0.2649224831172593
11,child,10,9602,1,0,-398,0.2649224831172593
11,child,11,21625,2,1,-375,0.2649224831172593
11,child,12,9386,1,0,-614,0.2649224831172593
11,child,13,-443,0,0,-443,0.2649224831172593
11,child,14,9533,1,0,-467,0.2649224831172593
11,child,15,-486,0,0,-486,0.2649224831172593
11,child,16,39503,4,0,-497,0.2649224831172593
11,child,17,-407,0,0,-407,0.2649224831172593
11,child,18,-566,0,0,-566,0.2649224831172593
11,child,19,19529,2,0,-471,0.2649224831172593
11,child,20,29662,3,0,-338,0.2649224831172593
11,child,21,11591,1,1,-409,0.2649224831172593
11,child,22,19686,2,0,-314,0.2649224831172593
11,child,23,9535,1,0,-465,0.2649224831172593
12,champ,-1,9450,1,0,-550,0.2582994210393278
12,child,0,9520,1,0,-480,0.2582994210393278
12,child,1,-464,0,0,-464,0.2582994210393278
12,child,2,9453,1,0,-547,0.2582994210393278
12,child,3,9540,1,0,-460,0.2582994210393278
12,child,4,-571,0,0,-571,0.2582994210393278
12,child,5,9682,1,0,-318,0.2582994210393278
12,child,6,-527,0,0,-527,0.2582994210393278
12,child,7,9520,1,0,-480,0.2582994210393278
12,child,8,-477,0,0,-477,0.2582994210393278
12,child,9,9561,1,0,-439,0.2582994210393278
12,child,10,-555,0,0,-555,0.2582994210393278
12,child,11,9484,1,0,-516,0.2582994210393278
12,child,12,-589,0,0,-589,0.2582994210393278
12,child,13,9588,1,0,-412,0.2582994210393278
12,child,14,9619,1,0,-381,0.2582994210393278
12,child,15,-525,0,0,-525,0.2582994210393278
12,child,16,-349,0,0,-349,0.2582994210393278
12,child,17,-554,0,0,-554,0.2582994210393278
12,child,18,9554,1,0,-446,0.2582994210393278
12,child,19,29731,3,0,-269,0.2582994210393278
12,child,20,-815,0,0,-815,0.2582994210393278
12,child,21,-380,0,0,-380,0.2582994210393278
12,child,22,-567,0,0,-567,0.2582994210393278
12,child,23,9463,1,0,-537,0.2582994210393278
13,champ,-1,-311,0,0,-311,0.2518419355133446
13,child,0,9659,1,0,-341,0.2518419355133446
13,child,1,-591,0,0,-591,0.2518419355133446
13,child,2,9618,1,0,-382,0.2518419355133446
13,child,3,-603,0,0,-603,0.2518419355133446
13,child,4,9612,1,0,-388,0.2518419355133446
13,child,5,9520,1,0,-480,0.2518419355133446
13,child,6,9509,1,0,-491,0.2518419355133446
13,child,7,29570,3,0,-430,0.2518419355133446
13,child,8,-682,0,0,-682,0.2518419355133446
13,child,9,9665,1,0,-335,0.2518419355133446
13,child,10,-494,0,0,-494,0.2518419355133446
13,child,11,-469,0,0,-469,0.2518419355133446
13,child,12,-461,0,0,-461,0.2518419355133446
13,child,13,-523,0,0,-523,0.2518419355133446
13,child,14,-536,0,0,-536,0.2518419355133446
13,child,15,9603,1,0,-397,0.2518419355133446
13,child,16,11562,1,1,-438,0.2518419355133446
13,child,17,-541,0,0,-541,0.2518419355133446
13,child,18,9577,1,0,-423,0.2518419355133446
13,child,19,-391,0,0,-391,0.2518419355133446
13,child,20,-510,0,0,-510,0.2518419355133446
13,child,21,9450,1,0,-550,0.2518419355133446
13,child,22,-533,0,0,-533,0.2518419355133446
13,child,23,9615,1,0,-385,0.2518419355133446
14,champ,-1,-491,0,0,-491,0.24554588712551098
14,child,0,-581,0,0,-581,0.24554588712551098
14,child,1,-672,0,0,-672,0.24554588712551098
14,child,2,19416,2,0,-584,0.24554588712551098
14,child,3,9557,1,0,-443,0.24554588712551098
14,child,4,11547,1,1,-453,0.24554588712551098
14,child,5,9546,1,0,-454,0.24554588712551098
14,child,6,9521,1,0,-479,0.24554588712551098
14,child,7,1538,0,1,-462,0.24554588712551098
14,child,8,9473,1,0,-527,0.24554588712551098
14,child,9,9548,1,0,-452,0.24554588712551098
14,child,10,9422,1,0,-578,0.24554588712551098
14,child,11,-587,0,0,-587,0.24554588712551098
14,child,12,-413,0,0,-413,0.24554588712551098
14,child,13,-544,0,0,-544,0.24554588712551098
14,child,14,9534,1,0,-466,0.24554588712551098
14,child,15,9386,1,0,-614,0.24554588712551098
14,child,16,19631,2,0,-369,0.24554588712551098
14,child,17,9399,1,0,-601,0.24554588712551098
14,child,18,19541,2,0,-459,0.24554588712551098
14,child,19,-573,0,0,-573,0.24554588712551098
14,child,20,9526,1,0,-474,0.24554588712551098
14,child,21,-638,0,0,-638,0.24554588712551098
14,child,22,-649,0,0,-649,0.24554588712551098
14,child,23,19605,2,0,-395,0.24554588712551098
15,champ,-1,1577,0,1,-423,0.2394072399473732
15,child,0,-628,0,0,-628,0.2394072399473732
15,child,1,41744,4,1,-256,0.2394072399473732
15,child,2,9563,1,0,-437,0.2394072399473732
15,child,3,9507,1,0,-493,0.2394072399473732
15,child,4,9557,1,0,-443,0.2394072399473732
15,child,5,9550,1,0,-450,0.2394072399473732
15,child,6,19707,2,0,-293,0.2394072399473732
15,child,7,-635,0,0,-635,0.2394072399473732
15,child,8,-452,0,0,-452,0.2394072399473732
15,child,9,-593,0,0,-593,0.2394072399473732
15,child,10,9558,1,0,-442,0.2394072399473732
15,child,11,9740,1,0,-260,0.2394072399473732
15,child,12,-446,0,0,-446,0.2394072399473732
15,child,13,9486,1,0,-514,0.2394072399473732
15,child,14,-428,0,0,-428,0.2394072399473732
15,child,15,-482,0,0,-482,0.2394072399473732
15,child,16,19598,2,0,-402,0.2394072399473732
15,child,17,-608,0,0,-608,0.2394072399473732
15,child,18,19668,2,0,-332,0.2394072399473732
15,child,19,9534,1,0,-466,0.2394072399473732
15,child,20,-497,0,0,-497,0.2394072399473732
15,child,21,-493,0,0,-493,0.2394072399473732
15,child,22,-470,0,0,-470,0.2394072399473732
15,child,23,9596,1,0,-404,0.2394072399473732
16,champ,-1,19689,2,0,-311,0.23342205894868887
16,child,0,-395,0,0,-395,0.23342205894868887
16,child,1,9566,1,0,-434,0.23342205894868887
16,child,2,19676,2,0,-324,0.23342205894868887
16,child,3,29564,3,0,-436,0.23342205894868887
16,child,4,9571,1,0,-429,0.23342205894868887
16,child,5,9583,1,0,-417,0.23342205894868887
16,child,6,-610,0,0,-610,0.23342205894868887
16,child,7,-383,0,0,-383,0.23342205894868887
16,child,8,29644,3,0,-356,0.23342205894868887
16,child,9,-511,0,0,-511,0.23342205894868887
16,child,10,19632,2,0,-368,0.23342205894868887
16,child,11,-570,0,0,-570,0.23342205894868887
16,child,12,-447,0,0,-447,0.23342205894868887
16,child,13,9573,1,0,-427,0.23342205894868887
16,child,14,-362,0,0,-362,0.23342205894868887
16,child,15,-513,0,0,-513,0.23342205894868887
16,child,16,-484,0,0,-484,0.23342205894868887
16,child,17,-548,0,0,-548,0.23342205894868887
16,child,18,9437,1,0,-563,0.23342205894868887
16,child,19,19546,2,0,-454,0.23342205894868887
16,child,20,11590,1,1,-410,0.23342205894868887
16,child,21,23657,2,2,-343,0.23342205894868887
16,child,22,19546,2,0,-454,0.23342205894868887
16,child,23,9703,1,0,-297,0.23342205894868887
17,champ,-1,9487,1,0,-513,0.22758650747497164
17,child,0,19640,2,0,-360,0.22758650747497164
17,child,1,9518,1,0,-482,0.22758650747497164
17,child,2,19634,2,0,-366,0.22758650747497164
17,child,3,-505,0,0,-505,0.22758650747497164
17,child,4,-375,0,0,-375,0.22758650747497164
17,child,5,11654,1,1,-346,0.22758650747497164
17,child,6,29774,3,0,-226,0.22758650747497164
17,child,7,9608,1,0,-392,0.22758650747497164
17,child,8,9669,1,0,-331,0.22758650747497164
17,child,9,29610,3,0,-390,0.22758650747497164
17,child,10,9602,1,0,-398,0.22758650747497164
17,child,11,9599,1,0,-401,0.22758650747497164
17,child,12,19611,2,0,-389,0.22758650747497164
17,child,13,9486,1,0,-514,0.22758650747497164
17,child,14,-406,0,0,-406,0.22758650747497164
17,child,15,1643,0,1,-357,0.22758650747497164
17,child,16,19666,2,0,-334,0.22758650747497164
17,child,17,19642,2,0,-358,0.22758650747497164
17,child,18,29685,3,0,-315,0.22758650747497164
17,child,19,9557,1,0,-443,0.22758650747497164
17,child,20,19686,2,0,-314,0.22758650747497164
17,child,21,9615,1,0,-385,0.22758650747497164
17,child,22,9555,1,0,-445,0.22758650747497164
17,child,23,19652,2,0,-348,0.22758650747497164
18,champ,-1,39811,4,0,-189,0.22189684478809735
18,child,0,21692,2,1,-308,0.22189684478809735
18,child,1,9580,1,0,-420,0.22189684478809735
18,child,2,19567,2,0,-433,0.22189684478809735
18,child,3,19681,2,0,-319,0.22189684478809735
18,child,4,29596,3,0,-404,0.22189684478809735
18,child,5,-514,0,0,-514,0.22189684478809735
18,child,6,19642,2,0,-358,0.22189684478809735
18,child,7,19526,2,0,-474,0.22189684478809735
18,child,8,-566,0,0,-566,0.22189684478809735
18,child,9,9497,1,0,-503,0.22189684478809735
18,child,10,9537,1,0,-463,0.22189684478809735
18,child,11,-441,0,0,-441,0.22189684478809735
18,child,12,-431,0,0,-431,0.22189684478809735
18,child,13,-367,0,0,-367,0.22189684478809735
18,child,14,-403,0,0,-403,0.22189684478809735
18,child,15,-513,0,0,-513,0.22189684478809735
18,child,16,19749,2,0,-251,0.22189684478809735
18,child,17,9441,1,0,-559,0.22189684478809735
18,child,18,11569,1,1,-431,0.22189684478809735
18,child,19,-443,0,0,-443,0.22189684478809735
18,child,20,1588,0,1,-412,0.22189684478809735
18,child,21,-409,0,0,-409,0.22189684478809735
18,child,22,9449,1,0,-551,0.22189684478809735
18,child,23,-543,0,0,-543,0.22189684478809735
19,champ,-1,19661,2,0,-339,0.2163494236683949
19,child,0,-526,0,0,-526,0.2163494236683949
19,child,1,9691,1,0,-309,0.2163494236683949
19,child,2,9556,1,0,-444,0.2163494236683949
19,child,3,9619,1,0,-381,0.2163494236683949
19,child,4,9606,1,0,-394,0.2163494236683949
19,child,5,-424,0,0,-424,0.2163494236683949
19,child,6,19613,2,0,-387,0.2163494236683949
19,child,7,-472,0,0,-472,0.2163494236683949
19,child,8,-534,0,0,-534,0.2163494236683949
19,child,9,-422,0,0,-422,0.2163494236683949
19,child,10,29743,3,0,-257,0.2163494236683949
19,child,11,-362,0,0,-362,0.2163494236683949
19,child,12,19737,2,0,-263,0.2163494236683949
19,child,13,9540,1,0,-460,0.2163494236683949
19,child,14,29557,3,0,-443,0.2163494236683949
19,child,15,1586,0,1,-414,0.2163494236683949
19,child,16,9602,1,0,-398,0.2163494236683949
19,child,17,9577,1,0,-423,0.2163494236683949
19,child,18,-486,0,0,-486,0.2163494236683949
19,child,19,19658,2,0,-342,0.2163494236683949
19,child,20,-396,0,0,-396,0.2163494236683949
19,child,21,9647,1,0,-353,0.2163494236683949
19,child,22,9532,1,0,-468,0.2163494236683949
19,child,23,9595,1,0,-405,0.2163494236683949
20,champ,-1,29768,3,0,-232,0.21094068807668503
20,child,0,9485,1,0,-515,0.21094068807668503
20,child,1,9616,1,0,-384,0.21094068807668503
20,child,2,39772,4,0,-228,0.21094068807668503
20,child,3,-508,0,0,-508,0.21094068807668503
20,child,4,-297,0,0,-297,0.21094068807668503
20,child,5,39768,4,0,-232,0.21094068807668503
20,child,6,9686,1,0,-314,0.21094068807668503
20,child,7,9484,1,0,-516,0.21094068807668503
20,child,8,1458,0,1,-542,0.21094068807668503
20,child,9,9543,1,0,-457,0.21094068807668503
20,child,10,19586,2,0,-414,0.21094068807668503
20,child,11,-535,0,0,-535,0.21094068807668503
20,child,12,11587,1,1,-413,0.21094068807668503
20,child,13,-530,0,0,-530,0.21094068807668503
20,child,14,-658,0,0,-658,0.21094068807668503
20,child,15,19616,2,0,-384,0.21094068807668503
20,child,16,-470,0,0,-470,0.21094068807668503
20,child,17,9532,1,0,-468,0.21094068807668503
20,child,18,19590,2,0,-410,0.21094068807668503
20,child,19,9586,1,0,-414,0.21094068807668503
20,child,20,9589,1,0,-411,0.21094068807668503
20,child,21,-476,0,0,-476,0.21094068807668503
20,child,22,19733,2,0,-267,0.21094068807668503
20,child,23,39797,4,0,-203,0.21094068807668503
21,champ,-1,31775,3,1,-225,0.2056671708747679
21,child,0,9627,1,0,-373,0.2056671708747679
21,child,1,19755,2,0,-245,0.2056671708747679
21,child,2,9633,1,0,-367,0.2056671708747679
21,child,3,19709,2,0,-291,0.2056671708747679
21,child,4,19750,2,0,-250,0.2056671708747679
21,child,5,9640,1,0,-360,0.2056671708747679
21,child,6,9559,1,0,-441,0.2056671708747679
21,child,7,19747,2,0,-253,0.2056671708747679
21,child,8,19780,2,0,-220,0.2056671708747679
21,child,9,9730,1,0,-270,0.2056671708747679
21,child,10,9647,1,0,-353,0.2056671708747679
21,child,11,21775,2,1,-225,0.2056671708747679
21,child,12,19668,2,0,-332,0.2056671708747679
21,child,13,29769,3,0,-231,0.2056671708747679
21,child,14,9615,1,0,-385,0.2056671708747679
21,child,15,29700,3,0,-300,0.2056671708747679
21,child,16,29707,3,0,-293,0.2056671708747679
21,child,17,9578,1,0,-422,0.2056671708747679
21,child,18,-414,0,0,-414,0.2056671708747679
21,child,19,29710,3,0,-290,0.2056671708747679
21,child,20,9661,1,0,-339,0.2056671708747679
21,child,21,-418,0,0,-418,0.2056671708747679
21,child,22,19554,2,0,-446,0.2056671708747679
21,child,23,-440,0,0,-440,0.2056671708747679
22,champ,-1,39775,4,0,-225,0.2005254916028987
22,child,0,9664,1,0,-336,0.2005254916028987
22,child,1,9560,1,0,-440,0.2005254916028987
22,child,2,9683,1,0,-317,0.2005254916028987
22,child,3,21656,2,1,-344,0.2005254916028987
22,child,4,19812,2,0,-188,0.2005254916028987
22,child,5,-455,0,0,-455,0.2005254916028987
22,child,6,19701,2,0,-299,0.2005254916028987
22,child,7,-335,0,0,-335,0.2005254916028987
22,child,8,9580,1,0,-420,0.2005254916028987
22,child,9,9616,1,0,-384,0.2005254916028987
22,child,10,11526,1,1,-474,0.2005254916028987
22,child,11,39647,4,0,-353,0.2005254916028987
22,child,12,9600,1,0,-400,0.2005254916028987
22,child,13,9564,1,0,-436,0.2005254916028987
22,child,14,-425,0,0,-425,0.2005254916028987
22,child,15,-332,0,0,-332,0.2005254916028987
22,child,16,9650,1,0,-350,0.2005254916028987
22,child,17,9594,1,0,-406,0.2005254916028987
22,child,18,19708,2,0,-292,0.2005254916028987
22,child,19,11680,1,1,-320,0.2005254916028987
22,child,20,-436,0,0,-436,0.2005254916028987
22,child,21,39836,4,0,-164,0.2005254916028987
22,child,22,31843,3,1,-157,0.2005254916028987
22,child,23,9707,1,0,-293,0.2005254916028987
23,champ,-1,11726,1,1,-274,0.19551235431282624
23,child,0,19657,2,0,-343,0.19551235431282624
23,child,1,19639,2,0,-361,0.19551235431282624
23,child,2,9675,1,0,-325,0.19551235431282624
23,child,3,29752,3,0,-248,0.19551235431282624
23,child,4,29781,3,0,-219,0.19551235431282624
23,child,5,19705,2,0,-295,0.19551235431282624
23,child,6,9704,1,0,-296,0.19551235431282624
23,child,7,19745,2,0,-255,0.19551235431282624
23,child,8,-458,0,0,-458,0.19551235431282624
23,child,9,-365,0,0,-365,0.19551235431282624
23,child,10,9513,1,0,-487,0.19551235431282624
23,child,11,19630,2,0,-370,0.19551235431282624
23,child,12,29668,3,0,-332,0.19551235431282624
23,child,13,9472,1,0,-528,0.19551235431282624
23,child,14,9644,1,0,-356,0.19551235431282624
23,child,15,9718,1,0,-282,0.19551235431282624
23,child,16,11617,1,1,-383,0.19551235431282624
23,child,17,-357,0,0,-357,0.19551235431282624
23,child,18,39707,4,0,-293,0.19551235431282624
23,child,19,19685,2,0,-315,0.19551235431282624
23,child,20,-560,0,0,-560,0.19551235431282624
23,child,21,21660,2,1,-340,0.19551235431282624
23,child,22,-424,0,0,-424,0.19551235431282624
23,child,23,19681,2,0,-319,0.19551235431282624
24,champ,-1,19683,2,0,-317,0.19062454545500557
24,child,0,29718,3,0,-282,0.19062454545500557
24,child,1,31748,3,1,-252,0.19062454545500557
24,child,2,29824,3,0,-176,0.19062454545500557
24,child,3,9597,1,0,-403,0.19062454545500557
24,child,4,-217,0,0,-217,0.19062454545500557
24,child,5,9718,1,0,-282,0.19062454545500557
24,child,6,19670,2,0,-330,0.19062454545500557
24,child,7,9480,1,0,-520,0.19062454545500557
24,child,8,-394,0,0,-394,0.19062454545500557
24,child,9,31713,3,1,-287,0.19062454545500557
24,child,10,11525,1,1,-475,0.19062454545500557
24,child,11,9556,1,0,-444,0.19062454545500557
24,child,12,1529,0,1,-471,0.19062454545500557
24,child,13,19596,2,0,-404,0.19062454545500557
24,child,14,9695,1,0,-305,0.19062454545500557
24,child,15,9647,1,0,-353,0.19062454545500557
24,child,16,-428,0,0,-428,0.19062454545500557
24,child,17,31654,3,1,-346,0.19062454545500557
24,child,18,19685,2,0,-315,0.19062454545500557
24,child,19,9735,1,0,-265,0.19062454545500557
24,child,20,29777,3,0,-223,0.19062454545500557
24,child,21,31809,3,1,-191,0.19062454545500557
24,child,22,9479,1,0,-521,0.19062454545500557
24,child,23,9609,1,0,-391,0.19062454545500557
25,champ,-1,29735,3,0,-265,0.18585893181863042
25,child,0,21663,2,1,-337,0.18585893181863042
25,child,1,19693,2,0,-307,0.18585893181863042
25,child,2,39690,4,0,-310,0.18585893181863042
25,child,3,9634,1,0,-366,0.18585893181863042
25,child,4,9683,1,0,-317,0.18585893181863042
25,child,5,29741,3,0,-259,0.18585893181863042
25,child,6,9565,1,0,-435,0.18585893181863042
25,child,7,19646,2,0,-354,0.18585893181863042
25,child,8,9572,1,0,-428,0.18585893181863042
25,child,9,9504,1,0,-496,0.18585893181863042
25,child,10,9634,1,0,-366,0.18585893181863042
25,child,11,29721,3,0,-279,0.18585893181863042
25,child,12,-493,0,0,-493,0.18585893181863042
25,child,13,29663,3,0,-337,0.18585893181863042
25,child,14,11552,1,1,-448,0.18585893181863042
25,child,15,19624,2,0,-376,0.18585893181863042
25,child,16,49828,5,0,-172,0.18585893181863042
25,child,17,29706,3,0,-294,0.18585893181863042
25,child,18,19714,2,0,-286,0.18585893181863042
25,child,19,9635,1,0,-365,0.18585893181863042
25,child,20,-405,0,0,-405,0.18585893181863042
25,child,21,9559,1,0,-441,0.18585893181863042
25,child,22,9544,1,0,-456,0.18585893181863042
25,child,23,9663,1,0,-337,0.18585893181863042
26,champ,-1,9727,1,0,-273,0.18121245852316464
26,child,0,19633,2,0,-367,0.18121245852316464
26,child,1,11633,1,1,-367,0.18121245852316464
26,child,2,-379,0,0,-379,0.18121245852316464
26,child,3,9564,1,0,-436,0.18121245852316464
26,child,4,9538,1,0,-462,0.18121245852316464
26,child,5,29714,3,0,-286,0.18121245852316464
26,child,6,-516,0,0,-516,0.18121245852316464
26,child,7,9607,1,0,-393,0.18121245852316464
26,child,8,19658,2,0,-342,0.18121245852316464
26,child,9,9602,1,0,-398,0.18121245852316464
26,child,10,19666,2,0,-334,0.18121245852316464
26,child,11,39755,4,0,-245,0.18121245852316464
26,child,12,9617,1,0,-383,0.18121245852316464
26,child,13,19698,2,0,-302,0.18121245852316464
26,child,14,9610,1,0,-390,0.18121245852316464
26,child,15,29669,3,0,-331,0.18121245852316464
26,child,16,9597,1,0,-403,0.18121245852316464
26,child,17,9682,1,0,-318,0.18121245852316464
26,child,18,29679,3,0,-321,0.18121245852316464
26,child,19,29670,3,0,-330,0.18121245852316464
26,child,20,19692,2,0,-308,0.18121245852316464
26,child,21,9600,1,0,-400,0.18121245852316464
26,child,22,9659,1,0,-341,0.18121245852316464
26,child,23,-421,0,0,-421,0.18121245852316464
27,champ,-1,29712,3,0,-288,0.17668214706008553
27,child,0,9518,1,0,-482,0.17668214706008553
27,child,1,9582,1,0,-418,0.17668214706008553
27,child,2,39785,4,0,-215,0.17668214706008553
27,child,3,19520,2,0,-480,0.17668214706008553
27,child,4,9640,1,0,-360,0.17668214706008553
27,child,5,31720,3,1,-280,0.17668214706008553
27,child,6,39812,4,0,-188,0.17668214706008553
27,child,7,39746,4,0,-254,0.17668214706008553
27,child,8,9623,1,0,-377,0.17668214706008553
27,child,9,19600,2,0,-400,0.17668214706008553
27,child,10,9568,1,0,-432,0.17668214706008553
27,child,11,19637,2,0,-363,0.17668214706008553
27,child,12,9553,1,0,-447,0.17668214706008553
27,child,13,9543,1,0,-457,0.17668214706008553
27,child,14,11611,1,1,-389,0.17668214706008553
27,child,15,9525,1,0,-475,0.17668214706008553
27,child,16,19634,2,0,-366,0.17668214706008553
27,child,17,19589,2,0,-411,0.17668214706008553
27,child,18,29667,3,0,-333,0.17668214706008553
27,child,19,19644,2,0,-356,0.17668214706008553
27,child,20,19531,2,0,-469,0.17668214706008553
27,child,21,19805,2,0,-195,0.17668214706008553
27,child,22,39727,4,0,-273,0.17668214706008553
27,child,23,9508,1,0,-492,0.17668214706008553
28,champ,-1,29684,3,0,-316,0.1722650933835834
28,child,0,9647,1,0,-353,0.1722650933835834
28,child,1,-588,0,0,-588,0.1722650933835834
28,child,2,19688,2,0,-312,0.1722650933835834
28,child,3,9588,1,0,-412,0.1722650933835834
28,child,4,9572,1,0,-428,0.1722650933835834
28,child,5,39613,4,0,-387,0.1722650933835834
28,child,6,19707,2,0,-293,0.1722650933835834
28,child,7,29585,3,0,-415,0.1722650933835834
28,child,8,21612,2,1,-388,0.1722650933835834
28,child,9,19734,2,0,-266,0.1722650933835834
28,child,10,-393,0,0,-393,0.1722650933835834
28,child,11,11529,1,1,-471,0.1722650933835834
28,child,12,19714,2,0,-286,0.1722650933835834
28,child,13,-499,0,0,-499,0.1722650933835834
28,child,14,-600,0,0,-600,0.1722650933835834
28,child,15,-472,0,0,-472,0.1722650933835834
28,child,16,11590,1,1,-410,0.1722650933835834
28,child,17,49704,5,0,-296,0.1722650933835834
28,child,18,11625,1,1,-375,0.1722650933835834
28,child,19,29776,3,0,-224,0.1722650933835834
28,child,20,19632,2,0,-368,0.1722650933835834
28,child,21,9565,1,0,-435,0.1722650933835834
28,child,22,13683,1,2,-317,0.1722650933835834
28,child,23,-428,0,0,-428,0.1722650933835834
29,champ,-1,29637,3,0,-363,0.1679584660489938
29,child,0,31712,3,1,-288,0.1679584660489938
29,child,1,29668,3,0,-332,0.1679584660489938
29,child,2,21605,2,1,-395,0.1679584660489938
29,child,3,19435,2,0,-565,0.1679584660489938
29,child,4,19709,2,0,-291,0.1679584660489938
29,child,5,19541,2,0,-459,0.1679584660489938
29,child,6,9561,1,0,-439,0.1679584660489938
29,child,7,9661,1,0,-339,0.1679584660489938
29,child,8,19688,2,0,-312,0.1679584660489938
29,child,9,9717,1,0,-283,0.1679584660489938
29,child,10,19642,2,0,-358,0.1679584660489938
29,child,11,9557,1,0,-443,0.1679584660489938
29,child,12,29567,3,0,-433,0.1679584660489938
29,child,13,19709,2,0,-291,0.1679584660489938
29,child,14,9527,1,0,-473,0.1679584660489938
29,child,15,29673,3,0,-327,0.1679584660489938
29,child,16,-474,0,0,-474,0.1679584660489938
29,child,17,9660,1,0,-340,0.1679584660489938
29,child,18,9571,1,0,-429,0.1679584660489938
29,child,19,9646,1,0,-354,0.1679584660489938
29,child,20,9636,1,0,-364,0.1679584660489938
29,child,21,1491,0,1,-509,0.1679584660489938
29,child,22,19637,2,0,-363,0.1679584660489938
29,child,23,11497,1,1,-503,0.1679584660489938
30,champ,-1,19696,2,0,-304,0.16375950439776896
30,child,0,9518,1,0,-482,0.16375950439776896
30,child,1,19585,2,0,-415,0.16375950439776896
30,child,2,29552,3,0,-448,0.16375950439776896
30,child,3,19623,2,0,-377,0.16375950439776896
30,child,4,19550,2,0,-450,0.16375950439776896
30,child,5,19490,2,0,-510,0.16375950439776896
30,child,6,31702,3,1,-298,0.16375950439776896
30,child,7,9701,1,0,-299,0.16375950439776896
30,child,8,-391,0,0,-391,0.16375950439776896
30,child,9,-435,0,0,-435,0.16375950439776896
30,child,10,29677,3,0,-323,0.16375950439776896
30,child,11,39803,4,0,-197,0.16375950439776896
30,child,12,-620,0,0,-620,0.16375950439776896
30,child,13,-541,0,0,-541,0.16375950439776896
30,child,14,-531,0,0,-531,0.16375950439776896
30,child,15,19589,2,0,-411,0.16375950439776896
30,child,16,29515,3,0,-485,0.16375950439776896
30,child,17,19564,2,0,-436,0.16375950439776896
30,child,18,-552,0,0,-552,0.16375950439776896
30,child,19,29553,3,0,-447,0.16375950439776896
30,child,20,39719,4,0,-281,0.16375950439776896
30,child,21,1465,0,1,-535,0.16375950439776896
30,child,22,39839,4,0,-161,0.16375950439776896
30,child,23,19635,2,0,-365,0.16375950439776896
31,champ,-1,11719,1,1,-281,0.15966551678782473
31,child,0,-375,0,0,-375,0.15966551678782473
31,child,1,9682,1,0,-318,0.15966551678782473
31,child,2,19620,2,0,-380,0.15966551678782473
31,child,3,11646,1,1,-354,0.15966551678782473
31,child,4,21650,2,1,-350,0.15966551678782473
31,child,5,11654,1,1,-346,0.15966551678782473
31,child,6,19764,2,0,-236,0.15966551678782473
31,child,7,29763,3,0,-237,0.15966551678782473
31,child,8,19637,2,0,-363,0.15966551678782473
31,child,9,19731,2,0,-269,0.15966551678782473
31,child,10,11647,1,1,-353,0.15966551678782473
31,child,11,9562,1,0,-438,0.15966551678782473
31,child,12,29801,3,0,-199,0.15966551678782473
31,child,13,9646,1,0,-354,0.15966551678782473
31,child,14,9671,1,0,-329,0.15966551678782473
31,child,15,39812,4,0,-188,0.15966551678782473
31,child,16,-315,0,0,-315,0.15966551678782473
31,child,17,19698,2,0,-302,0.15966551678782473
31,child,18,11694,1,1,-306,0.15966551678782473
31,child,19,59833,6,0,-167,0.15966551678782473
31,child,20,9656,1,0,-344,0.15966551678782473
31,child,21,19552,2,0,-448,0.15966551678782473
31,child,22,9641,1,0,-359,0.15966551678782473
31,child,23,29698,3,0,-302,0.15966551678782473
32,champ,-1,19685,2,0,-315,0.1556738788681291
32,child,0,9567,1,0,-433,0.1556738788681291
32,child,1,21633,2,1,-367,0.1556738788681291
32,child,2,9496,1,0,-504,0.1556738788681291
32,child,3,9547,1,0,-453,0.1556738788681291
32,child,4,29647,3,0,-353,0.1556738788681291
32,child,5,19679,2,0,-321,0.1556738788681291
32,child,6,39694,4,0,-306,0.1556738788681291
32,child,7,9657,1,0,-343,0.1556738788681291
32,child,8,39746,4,0,-254,0.1556738788681291
32,child,9,19653,2,0,-347,0.1556738788681291
32,child,10,19742,2,0,-258,0.1556738788681291
32,child,11,9657,1,0,-343,0.1556738788681291
32,child,12,19700,2,0,-300,0.1556738788681291
32,child,13,29782,3,0,-218,0.1556738788681291
32,child,14,19720,2,0,-280,0.1556738788681291
32,child,15,19712,2,0,-288,0.1556738788681291
32,child,16,-489,0,0,-489,0.1556738788681291
32,child,17,21715,2,1,-285,0.1556738788681291
32,child,18,21639,2,1,-361,0.1556738788681291
32,child,19,9756,1,0,-244,0.1556738788681291
32,child,20,31804,3,1,-196,0.1556738788681291
32,child,21,11610,1,1,-390,0.1556738788681291
32,child,22,19739,2,0,-261,0.1556738788681291
32,child,23,19600,2,0,-400,0.1556738788681291
33,champ,-1,39662,4,0,-338,0.1517820318964259
33,child,0,19734,2,0,-266,0.1517820318964259
33,child,1,29674,3,0,-326,0.1517820318964259
33,child,2,19761,2,0,-239,0.1517820318964259
33,child,3,-451,0,0,-451,0.1517820318964259
33,child,4,19640,2,0,-360,0.1517820318964259
33,child,5,9615,1,0,-385,0.1517820318964259
33,child,6,11643,1,1,-357,0.1517820318964259
33,child,7,39777,4,0,-223,0.1517820318964259
33,child,8,9565,1,0,-435,0.1517820318964259
33,child,9,9607,1,0,-393,0.1517820318964259
33,child,10,9664,1,0,-336,0.1517820318964259
33,child,11,19830,2,0,-170,0.1517820318964259
33,child,12,29721,3,0,-279,0.1517820318964259
33,child,13,39687,4,0,-313,0.1517820318964259
33,child,14,19741,2,0,-259,0.1517820318964259
33,child,15,-477,0,0,-477,0.1517820318964259
33,child,16,39787,4,0,-213,0.1517820318964259
33,child,17,29761,3,0,-239,0.1517820318964259
33,child,18,29643,3,0,-357,0.1517820318964259
33,child,19,9571,1,0,-429,0.1517820318964259
33,child,20,9586,1,0,-414,0.1517820318964259
33,child,21,21605,2,1,-395,0.1517820318964259
33,child,22,19748,2,0,-252,0.1517820318964259
33,child,23,29738,3,0,-262,0.1517820318964259
34,champ,-1,31751,3,1,-249,0.14798748109901524
34,child,0,-402,0,0,-402,0.14798748109901524
34,child,1,-595,0,0,-595,0.14798748109901524
34,child,2,19641,2,0,-359,0.14798748109901524
34,child,3,9683,1,0,-317,0.14798748109901524
34,child,4,9558,1,0,-442,0.14798748109901524
34,child,5,9519,1,0,-481,0.14798748109901524
34,child,6,9640,1,0,-360,0.14798748109901524
34,child,7,9744,1,0,-256,0.14798748109901524
34,child,8,9696,1,0,-304,0.14798748109901524
34,child,9,9648,1,0,-352,0.14798748109901524
34,child,10,39786,4,0,-214,0.14798748109901524
34,child,11,19629,2,0,-371,0.14798748109901524
34,child,12,19681,2,0,-319,0.14798748109901524
34,child,13,39736,4,0,-264,0.14798748109901524
34,child,14,9458,1,0,-542,0.14798748109901524
34,child,15,9611,1,0,-389,0.14798748109901524
34,child,16,19652,2,0,-348,0.14798748109901524
34,child,17,19671,2,0,-329,0.14798748109901524
34,child,18,9715,1,0,-285,0.14798748109901524
34,child,19,19635,2,0,-365,0.14798748109901524
34,child,20,9644,1,0,-356,0.14798748109901524
34,child,21,19752,2,0,-248,0.14798748109901524
34,child,22,19567,2,0,-433,0.14798748109901524
34,child,23,49745,5,0,-255,0.14798748109901524
35,champ,-1,19697,2,0,-303,0.14428779407153985
35,child,0,19619,2,0,-381,0.14428779407153985
35,child,1,-373,0,0,-373,0.14428779407153985
35,child,2,-570,0,0,-570,0.14428779407153985
35,child,3,19613,2,0,-387,0.14428779407153985
35,child,4,19706,2,0,-294,0.14428779407153985
35,child,5,9622,1,0,-378,0.14428779407153985
35,child,6,9621,1,0,-379,0.14428779407153985
35,child,7,-436,0,0,-436,0.14428779407153985
35,child,8,41777,4,1,-223,0.14428779407153985
35,child,9,19688,2,0,-312,0.14428779407153985
35,child,10,-441,0,0,-441,0.14428779407153985
35,child,11,11689,1,1,-311,0.14428779407153985
35,child,12,1376,0,1,-624,0.14428779407153985
35,child,13,19722,2,0,-278,0.14428779407153985
35,child,14,19634,2,0,-366,0.14428779407153985
35,child,15,9558,1,0,-442,0.14428779407153985
35,child,16,9612,1,0,-388,0.14428779407153985
35,child,17,21686,2,1,-314,0.14428779407153985
35,child,18,29633,3,0,-367,0.14428779407153985
35,child,19,9615,1,0,-385,0.14428779407153985
35,child,20,19700,2,0,-300,0.14428779407153985
35,child,21,19714,2,0,-286,0.14428779407153985
35,child,22,19729,2,0,-271,0.14428779407153985
35,child,23,19677,2,0,-323,0.14428779407153985
36,champ,-1,19705,2,0,-295,0.14068059921975135
36,child,0,-462,0,0,-462,0.14068059921975135
36,child,1,19687,2,0,-313,0.14068059921975135
36,child,2,-523,0,0,-523,0.14068059921975135
36,child,3,19710,2,0,-290,0.14068059921975135
36,child,4,1571,0,1,-429,0.14068059921975135
36,child,5,11644,1,1,-356,0.14068059921975135
36,child,6,19751,2,0,-249,0.14068059921975135
36,child,7,-408,0,0,-408,0.14068059921975135
36,child,8,19734,2,0,-266,0.14068059921975135
36,child,9,29689,3,0,-311,0.14068059921975135
36,child,10,11635,1,1,-365,0.14068059921975135
36,child,11,-509,0,0,-509,0.14068059921975135
36,child,12,9688,1,0,-312,0.14068059921975135
36,child,13,9561,1,0,-439,0.14068059921975135
36,child,14,19611,2,0,-389,0.14068059921975135
36,child,15,29719,3,0,-281,0.14068059921975135
36,child,16,9599,1,0,-401,0.14068059921975135
36,child,17,19681,2,0,-319,0.14068059921975135
36,child,18,-440,0,0,-440,0.14068059921975135
36,child,19,9644,1,0,-356,0.14068059921975135
36,child,20,9639,1,0,-361,0.14068059921975135
36,child,21,9548,1,0,-452,0.14068059921975135
36,child,22,9557,1,0,-443,0.14068059921975135
36,child,23,19652,2,0,-348,0.14068059921975135
37,champ,-1,21714,2,1,-286,0.13716358423925756
37,child,0,29772,3,0,-228,0.13716358423925756
37,child,1,-391,0,0,-391,0.13716358423925756
37,child,2,9574,1,0,-426,0.13716358423925756
37,child,3,9467,1,0,-533,0.13716358423925756
37,child,4,29661,3,0,-339,0.13716358423925756
37,child,5,9667,1,0,-333,0.13716358423925756
37,child,6,19613,2,0,-387,0.13716358423925756
37,child,7,9650,1,0,-350,0.13716358423925756
37,child,8,19771,2,0,-229,0.13716358423925756
37,child,9,-481,0,0,-481,0.13716358423925756
37,child,10,29709,3,0,-291,0.13716358423925756
37,child,11,-479,0,0,-479,0.13716358423925756
37,child,12,19665,2,0,-335,0.13716358423925756
37,child,13,29787,3,0,-213,0.13716358423925756
37,child,14,49775,5,0,-225,0.13716358423925756
37,child,15,39773,4,0,-227,0.13716358423925756
37,child,16,29754,3,0,-246,0.13716358423925756
37,child,17,29780,3,0,-220,0.13716358423925756
37,child,18,-396,0,0,-396,0.13716358423925756
37,child,19,39802,4,0,-198,0.13716358423925756
37,child,20,19650,2,0,-350,0.13716358423925756
37,child,21,19635,2,0,-365,0.13716358423925756
37,child,22,29712,3,0,-288,0.13716358423925756
37,child,23,19645,2,0,-355,0.13716358423925756
38,champ,-1,29783,3,0,-217,0.1337344946332761
38,child,0,21728,2,1,-272,0.1337344946332761
38,child,1,1673,0,1,-327,0.1337344946332761
38,child,2,-545,0,0,-545,0.1337344946332761
38,child,3,19665,2,0,-335,0.1337344946332761
38,child,4,19629,2,0,-371,0.1337344946332761
38,child,5,39750,4,0,-250,0.1337344946332761
38,child,6,9603,1,0,-397,0.1337344946332761
38,child,7,19647,2,0,-353,0.1337344946332761
38,child,8,19747,2,0,-253,0.1337344946332761
38,child,9,9496,1,0,-504,0.1337344946332761
38,child,10,9605,1,0,-395,0.1337344946332761
38,child,11,19667,2,0,-333,0.1337344946332761
38,child,12,19703,2,0,-297,0.1337344946332761
38,child,13,19642,2,0,-358,0.1337344946332761
38,child,14,19703,2,0,-297,0.1337344946332761
38,child,15,29767,3,0,-233,0.1337344946332761
38,child,16,29602,3,0,-398,0.1337344946332761
38,child,17,9690,1,0,-310,0.1337344946332761
38,child,18,19667,2,0,-333,0.1337344946332761
38,child,19,9639,1,0,-361,0.1337344946332761
38,child,20,9645,1,0,-355,0.1337344946332761
38,child,21,9632,1,0,-368,0.1337344946332761
38,child,22,19734,2,0,-266,0.1337344946332761
38,child,23,21679,2,1,-321,0.1337344946332761
39,champ,-1,39803,4,0,-197,0.1303911322674442
39,child,0,19685,2,0,-315,0.1303911322674442
39,child,1,39763,4,0,-237,0.1303911322674442
39,child,2,39774,4,0,-226,0.1303911322674442
39,child,3,19666,2,0,-334,0.1303911322674442
39,child,4,9765,1,0,-235,0.1303911322674442
39,child,5,29765,3,0,-235,0.1303911322674442
39,child,6,19532,2,0,-468,0.1303911322674442
39,child,7,1643,0,1,-357,0.1303911322674442
39,child,8,19782,2,0,-218,0.1303911322674442
39,child,9,9831,1,0,-169,0.1303911322674442
39,child,10,41859,4,1,-141,0.1303911322674442
39,child,11,29741,3,0,-259,0.1303911322674442
39,child,12,19636,2,0,-364,0.1303911322674442
39,child,13,9638,1,0,-362,0.1303911322674442
39,child,14,19798,2,0,-202,0.1303911322674442
39,child,15,29644,3,0,-356,0.1303911322674442
39,child,16,39803,4,0,-197,0.1303911322674442
39,child,17,-467,0,0,-467,0.1303911322674442
39,child,18,29676,3,0,-324,0.1303911322674442
39,child,19,49799,5,0,-201,0.1303911322674442
39,child,20,9681,1,0,-319,0.1303911322674442
39,child,21,29702,3,0,-298,0.1303911322674442
39,child,22,29718,3,0,-282,0.1303911322674442
39,child,23,39782,4,0,-218,0.1303911322674442
40,champ,-1,31796,3,1,-204,0.1271313539607581
40,child,0,9667,1,0,-333,0.1271313539607581
40,child,1,19658,2,0,-342,0.1271313539607581
40,child,2,19580,2,0,-420,0.1271313539607581
40,child,3,39768,4,0,-232,0.1271313539607581
40,child,4,29687,3,0,-313,0.1271313539607581
40,child,5,41918,4,1,-82,0.1271313539607581
40,child,6,29842,3,0,-158,0.1271313539607581
40,child,7,1550,0,1,-450,0.1271313539607581
40,child,8,29723,3,0,-277,0.1271313539607581
40,child,9,9642,1,0,-358,0.1271313539607581
40,child,10,-532,0,0,-532,0.1271313539607581
40,child,11,71936,7,1,-64,0.1271313539607581
40,child,12,29650,3,0,-350,0.1271313539607581
40,child,13,11694,1,1,-306,0.1271313539607581
40,child,14,29836,3,0,-164,0.1271313539607581
40,child,15,-414,0,0,-414,0.1271313539607581
40,child,16,39841,4,0,-159,0.1271313539607581
40,child,17,19724,2,0,-276,0.1271313539607581
40,child,18,19702,2,0,-298,0.1271313539607581
40,child,19,1608,0,1,-392,0.1271313539607581
40,child,20,19624,2,0,-376,0.1271313539607581
40,child,21,49852,5,0,-148,0.1271313539607581
40,child,22,19721,2,0,-279,0.1271313539607581
40,child,23,19684,2,0,-316,0.1271313539607581
41,champ,-1,39907,4,0,-93,0.12395307011173913
41,child,0,11725,1,1,-275,0.12395307011173913
41,child,1,9642,1,0,-358,0.12395307011173913
41,child,2,39795,4,0,-205,0.12395307011173913
41,child,3,19744,2,0,-256,0.12395307011173913
41,child,4,19737,2,0,-263,0.12395307011173913
41,child,5,31634,3,1,-366,0.12395307011173913
41,child,6,9508,1,0,-492,0.12395307011173913
41,child,7,9656,1,0,-344,0.12395307011173913
41,child,8,9692,1,0,-308,0.12395307011173913
41,child,9,9654,1,0,-346,0.12395307011173913
41,child,10,19765,2,0,-235,0.12395307011173913
41,child,11,19738,2,0,-262,0.12395307011173913
41,child,12,-439,0,0,-439,0.12395307011173913
41,child,13,29790,3,0,-210,0.12395307011173913
41,child,14,-424,0,0,-424,0.12395307011173913
41,child,15,-420,0,0,-420,0.12395307011173913
41,child,16,49832,5,0,-168,0.12395307011173913
41,child,17,-391,0,0,-391,0.12395307011173913
41,child,18,29761,3,0,-239,0.12395307011173913
41,child,19,9653,1,0,-347,0.12395307011173913
41,child,20,9508,1,0,-492,0.12395307011173913
41,child,21,29620,3,0,-380,0.12395307011173913
41,child,22,1548,0,1,-452,0.12395307011173913
41,child,23,29704,3,0,-296,0.12395307011173913
42,champ,-1,29784,3,0,-216,0.12085424335894565
42,child,0,19754,2,0,-246,0.12085424335894565
42,child,1,39852,4,0,-148,0.12085424335894565
42,child,2,19711,2,0,-289,0.12085424335894565
42,child,3,19700,2,0,-300,0.12085424335894565
42,child,4,19751,2,0,-249,0.12085424335894565
42,child,5,29796,3,0,-204,0.12085424335894565
42,child,6,19738,2,0,-262,0.12085424335894565
42,child,7,59936,6,0,-64,0.12085424335894565
42,child,8,19687,2,0,-313,0.12085424335894565
42,child,9,29819,3,0,-181,0.12085424335894565
42,child,10,9582,1,0,-418,0.12085424335894565
42,child,11,9711,1,0,-289,0.12085424335894565
42,child,12,19712,2,0,-288,0.12085424335894565
42,child,13,39741,4,0,-259,0.12085424335894565
42,child,14,19754,2,0,-246,0.12085424335894565
42,child,15,9491,1,0,-509,0.12085424335894565
42,child,16,19639,2,0,-361,0.12085424335894565
42,child,17,11740,1,1,-260,0.12085424335894565
42,child,18,39772,4,0,-228,0.12085424335894565
42,child,19,21716,2,1,-284,0.12085424335894565
42,child,20,19602,2,0,-398,0.12085424335894565
42,child,21,23786,2,2,-214,0.12085424335894565
42,child,22,49821,5,0,-179,0.12085424335894565
42,child,23,-390,0,0,-390,0.12085424335894565
43,champ,-1,29716,3,0,-284,0.117832887274972
43,child,0,29754,3,0,-246,0.117832887274972
43,child,1,9669,1,0,-331,0.117832887274972
43,child,2,19649,2,0,-351,0.117832887274972
43,child,3,29738,3,0,-262,0.117832887274972
43,child,4,39845,4,0,-155,0.117832887274972
43,child,5,29776,3,0,-224,0.117832887274972
43,child,6,39753,4,0,-247,0.117832887274972
43,child,7,31809,3,1,-191,0.117832887274972
43,child,8,39915,4,0,-85,0.117832887274972
43,child,9,9648,1,0,-352,0.117832887274972
43,child,10,19672,2,0,-328,0.117832887274972
43,child,11,29763,3,0,-237,0.117832887274972
43,child,12,29709,3,0,-291,0.117832887274972
43,child,13,19665,2,0,-335,0.117832887274972
43,child,14,19758,2,0,-242,0.117832887274972
43,child,15,19679,2,0,-321,0.117832887274972
43,child,16,31733,3,1,-267,0.117832887274972
43,child,17,39775,4,0,-225,0.117832887274972
43,child,18,39745,4,0,-255,0.117832887274972
43,child,19,29734,3,0,-266,0.117832887274972
43,child,20,39842,4,0,-158,0.117832887274972
43,child,21,9754,1,0,-246,0.117832887274972
43,child,22,19811,2,0,-189,0.117832887274972
43,child,23,31853,3,1,-147,0.117832887274972
44,champ,-1,31809,3,1,-191,0.11488706509309769
44,child,0,19661,2,0,-339,0.11488706509309769
44,child,1,29694,3,0,-306,0.11488706509309769
44,child,2,19679,2,0,-321,0.11488706509309769
44,child,3,29667,3,0,-333,0.11488706509309769
44,child,4,19746,2,0,-254,0.11488706509309769
44,child,5,9731,1,0,-269,0.11488706509309769
44,child,6,49804,5,0,-196,0.11488706509309769
44,child,7,19693,2,0,-307,0.11488706509309769
44,child,8,19683,2,0,-317,0.11488706509309769
44,child,9,19588,2,0,-412,0.11488706509309769
44,child,10,29770,3,0,-230,0.11488706509309769
44,child,11,49837,5,0,-163,0.11488706509309769
44,child,12,9657,1,0,-343,0.11488706509309769
44,child,13,19739,2,0,-261,0.11488706509309769
44,child,14,49733,5,0,-267,0.11488706509309769
44,child,15,9705,1,0,-295,0.11488706509309769
44,child,16,9577,1,0,-423,0.11488706509309769
44,child,17,39831,4,0,-169,0.11488706509309769
44,child,18,41773,4,1,-227,0.11488706509309769
44,child,19,19697,2,0,-303,0.11488706509309769
44,child,20,39798,4,0,-202,0.11488706509309769
44,child,21,39826,4,0,-174,0.11488706509309769
44,child,22,39773,4,0,-227,0.11488706509309769
44,child,23,49872,5,0,-128,0.11488706509309769
45,champ,-1,21803,2,1,-197,0.11201488846577025
45,child,0,39772,4,0,-228,0.11201488846577025
45,child,1,19704,2,0,-296,0.11201488846577025
45,child,2,19661,2,0,-339,0.11201488846577025
45,child,3,29690,3,0,-310,0.11201488846577025
45,child,4,9668,1,0,-332,0.11201488846577025
45,child,5,9671,1,0,-329,0.11201488846577025
45,child,6,9700,1,0,-300,0.11201488846577025
45,child,7,31734,3,1,-266,0.11201488846577025
45,child,8,29895,3,0,-105,0.11201488846577025
45,child,9,29738,3,0,-262,0.11201488846577025
45,child,10,19637,2,0,-363,0.11201488846577025
45,child,11,29784,3,0,-216,0.11201488846577025
45,child,12,19838,2,0,-162,0.11201488846577025
45,child,13,19640,2,0,-360,0.11201488846577025
45,child,14,29839,3,0,-161,0.11201488846577025
45,child,15,-385,0,0,-385,0.11201488846577025
45,child,16,29844,3,0,-156,0.11201488846577025
45,child,17,19703,2,0,-297,0.11201488846577025
45,child,18,39752,4,0,-248,0.11201488846577025
45,child,19,19737,2,0,-263,0.11201488846577025
45,child,20,19806,2,0,-194,0.11201488846577025
45,child,21,9598,1,0,-402,0.11201488846577025
45,child,22,19777,2,0,-223,0.11201488846577025
45,child,23,19694,2,0,-306,0.11201488846577025
46,champ,-1,29750,3,0,-250,0.109214516254126
46,child,0,19664,2,0,-336,0.109214516254126
46,child,1,19786,2,0,-214,0.109214516254126
46,child,2,11595,1,1,-405,0.109214516254126
46,child,3,11667,1,1,-333,0.109214516254126
46,child,4,19727,2,0,-273,0.109214516254126
46,child,5,19658,2,0,-342,0.109214516254126
46,child,6,19703,2,0,-297,0.109214516254126
46,child,7,9700,1,0,-300,0.109214516254126
46,child,8,39803,4,0,-197,0.109214516254126
46,child,9,19699,2,0,-301,0.109214516254126
46,child,10,31747,3,1,-253,0.109214516254126
46,child,11,9585,1,0,-415,0.109214516254126
46,child,12,29803,3,0,-197,0.109214516254126
46,child,13,21682,2,1,-318,0.109214516254126
46,child,14,29715,3,0,-285,0.109214516254126
46,child,15,9634,1,0,-366,0.109214516254126
46,child,16,-351,0,0,-351,0.109214516254126
46,child,17,49832,5,0,-168,0.109214516254126
46,child,18,21655,2,1,-345,0.109214516254126
46,child,19,-334,0,0,-334,0.109214516254126
46,child,20,29753,3,0,-247,0.109214516254126
46,child,21,-435,0,0,-435,0.109214516254126
46,child,22,29785,3,0,-215,0.109214516254126
46,child,23,39775,4,0,-225,0.109214516254126
47,champ,-1,49695,5,0,-305,0.10648415334777285
47,child,0,31845,3,1,-155,0.10648415334777285
47,child,1,19742,2,0,-258,0.10648415334777285
47,child,2,21745,2,1,-255,0.10648415334777285
47,child,3,19534,2,0,-466,0.10648415334777285
47,child,4,9618,1,0,-382,0.10648415334777285
47,child,5,29735,3,0,-265,0.10648415334777285
47,child,6,9575,1,0,-425,0.10648415334777285
47,child,7,39853,4,0,-147,0.10648415334777285
47,child,8,9565,1,0,-435,0.10648415334777285
47,child,9,11587,1,1,-413,0.10648415334777285
47,child,10,9553,1,0,-447,0.10648415334777285
47,child,11,21693,2,1,-307,0.10648415334777285
47,child,12,19780,2,0,-220,0.10648415334777285
47,child,13,19673,2,0,-327,0.10648415334777285
47,child,14,9701,1,0,-299,0.10648415334777285
47,child,15,9639,1,0,-361,0.10648415334777285
47,child,16,39870,4,0,-130,0.10648415334777285
47,child,17,29733,3,0,-267,0.10648415334777285
47,child,18,29690,3,0,-310,0.10648415334777285
47,child,19,49831,5,0,-169,0.10648415334777285
47,child,20,29765,3,0,-235,0.10648415334777285
47,child,21,9545,1,0,-455,0.10648415334777285
47,child,22,9586,1,0,-414,0.10648415334777285
47,child,23,19622,2,0,-378,0.10648415334777285
48,champ,-1,9787,1,0,-213,0.10382204951407853
48,child,0,19683,2,0,-317,0.10382204951407853
48,child,1,19739,2,0,-261,0.10382204951407853
48,child,2,49808,5,0,-192,0.10382204951407853
48,child,3,19714,2,0,-286,0.10382204951407853
48,child,4,19619,2,0,-381,0.10382204951407853
48,child,5,19623,2,0,-377,0.10382204951407853
48,child,6,11713,1,1,-287,0.10382204951407853
48,child,7,9633,1,0,-367,0.10382204951407853
48,child,8,9650,1,0,-350,0.10382204951407853
48,child,9,19734,2,0,-266,0.10382204951407853
48,child,10,11675,1,1,-325,0.10382204951407853
48,child,11,39696,4,0,-304,0.10382204951407853
48,child,12,29646,3,0,-354,0.10382204951407853
48,child,13,19698,2,0,-302,0.10382204951407853
48,child,14,19567,2,0,-433,0.10382204951407853
48,child,15,29648,3,0,-352,0.10382204951407853
48,child,16,19820,2,0,-180,0.10382204951407853
48,child,17,19633,2,0,-367,0.10382204951407853
48,child,18,29759,3,0,-241,0.10382204951407853
48,child,19,9496,1,0,-504,0.10382204951407853
48,child,20,9610,1,0,-390,0.10382204951407853
48,child,21,19629,2,0,-371,0.10382204951407853
48,child,22,9530,1,0,-470,0.10382204951407853
48,child,23,9642,1,0,-358,0.10382204951407853
49,champ,-1,39765,4,0,-235,0.10122649827622657
49,child,0,9505,1,0,-495,0.10122649827622657
49,child,1,9604,1,0,-396,0.10122649827622657
49,child,2,29738,3,0,-262,0.10122649827622657
49,child,3,-368,0,0,-368,0.10122649827622657
49,child,4,19705,2,0,-295,0.10122649827622657
49,child,5,-335,0,0,-335,0.10122649827622657
49,child,6,9613,1,0,-387,0.10122649827622657
49,child,7,1557,0,1,-443,0.10122649827622657
49,child,8,19618,2,0,-382,0.10122649827622657
49,child,9,39828,4,0,-172,0.10122649827622657
49,child,10,9561,1,0,-439,0.10122649827622657
49,child,11,9593,1,0,-407,0.10122649827622657
49,child,12,19751,2,0,-249,0.10122649827622657
49,child,13,29716,3,0,-284,0.10122649827622657
49,child,14,19628,2,0,-372,0.10122649827622657
49,child,15,9516,1,0,-484,0.10122649827622657
49,child,16,19634,2,0,-366,0.10122649827622657
49,child,17,19688,2,0,-312,0.10122649827622657
49,child,18,19672,2,0,-328,0.10122649827622657
49,child,19,21655,2,1,-345,0.10122649827622657
49,child,20,29694,3,0,-306,0.10122649827622657
49,child,21,-419,0,0,-419,0.10122649827622657
49,child,22,21777,2,1,-223,0.10122649827622657
49,child,23,9722,1,0,-278,0.10122649827622657
50,champ,-1,19734,2,0,-266,0.0986958358193209
50,child,0,19757,2,0,-243,0.0986958358193209
50,child,1,-380,0,0,-380,0.0986958358193209
50,child,2,39867,4,0,-133,0.0986958358193209
50,child,3,39721,4,0,-279,0.0986958358193209
50,child,4,9627,1,0,-373,0.0986958358193209
50,child,5,19668,2,0,-332,0.0986958358193209
50,child,6,29673,3,0,-327,0.0986958358193209
50,child,7,9699,1,0,-301,0.0986958358193209
50,child,8,49870,5,0,-130,0.0986958358193209
50,child,9,19526,2,0,-474,0.0986958358193209
50,child,10,29717,3,0,-283,0.0986958358193209
50,child,11,29745,3,0,-255,0.0986958358193209
50,child,12,19689,2,0,-311,0.0986958358193209
50,child,13,9579,1,0,-421,0.0986958358193209
50,child,14,9614,1,0,-386,0.0986958358193209
50,child,15,-380,0,0,-380,0.0986958358193209
50,child,16,19643,2,0,-357,0.0986958358193209
50,child,17,21770,2,1,-230,0.0986958358193209
50,child,18,-392,0,0,-392,0.0986958358193209
50,child,19,9597,1,0,-403,0.0986958358193209
50,child,20,19633,2,0,-367,0.0986958358193209
50,child,21,9703,1,0,-297,0.0986958358193209
50,child,22,29680,3,0,-320,0.0986958358193209
50,child,23,39753,4,0,-247,0.0986958358193209
51,champ,-1,39953,4,0,-47,0.09622843992383788
51,child,0,9702,1,0,-298,0.09622843992383788
51,child,1,41866,4,1,-134,0.09622843992383788
51,child,2,21797,2,1,-203,0.09622843992383788
51,child,3,29801,3,0,-199,0.09622843992383788
51,child,4,39663,4,0,-337,0.09622843992383788
51,child,5,9649,1,0,-351,0.09622843992383788
51,child,6,19656,2,0,-344,0.09622843992383788
51,child,7,19616,2,0,-384,0.09622843992383788
51,child,8,9711,1,0,-289,0.09622843992383788
51,child,9,9682,1,0,-318,0.09622843992383788
51,child,10,19784,2,0,-216,0.09622843992383788
51,child,11,29709,3,0,-291,0.09622843992383788
51,child,12,19819,2,0,-181,0.09622843992383788
51,child,13,29793,3,0,-207,0.09622843992383788
51,child,14,19685,2,0,-315,0.09622843992383788
51,child,15,9594,1,0,-406,0.09622843992383788
51,child,16,19729,2,0,-271,0.09622843992383788
51,child,17,19542,2,0,-458,0.09622843992383788
51,child,18,11627,1,1,-373,0.09622843992383788
51,child,19,31784,3,1,-216,0.09622843992383788
51,child,20,29703,3,0,-297,0.09622843992383788
51,child,21,39768,4,0,-232,0.09622843992383788
51,child,22,29717,3,0,-283,0.09622843992383788
51,child,23,19611,2,0,-389,0.09622843992383788
52,champ,-1,29718,3,0,-282,0.09382272892574194
52,child,0,-436,0,0,-436,0.09382272892574194
52,child,1,39763,4,0,-237,0.09382272892574194
52,child,2,9733,1,0,-267,0.09382272892574194
52,child,3,19704,2,0,-296,0.09382272892574194
52,child,4,19634,2,0,-366,0.09382272892574194
52,child,5,19675,2,0,-325,0.09382272892574194
52,child,6,29788,3,0,-212,0.09382272892574194
52,child,7,39843,4,0,-157,0.09382272892574194
52,child,8,29738,3,0,-262,0.09382272892574194
52,child,9,49879,5,0,-121,0.09382272892574194
52,child,10,-536,0,0,-536,0.09382272892574194
52,child,11,11619,1,1,-381,0.09382272892574194
52,child,12,9631,1,0,-369,0.09382272892574194
52,child,13,29733,3,0,-267,0.09382272892574194
52,child,14,19586,2,0,-414,0.09382272892574194
52,child,15,11699,1,1,-301,0.09382272892574194
52,child,16,11580,1,1,-420,0.09382272892574194
52,child,17,19738,2,0,-262,0.09382272892574194
52,child,18,29603,3,0,-397,0.09382272892574194
52,child,19,31709,3,1,-291,0.09382272892574194
52,child,20,29659,3,0,-341,0.09382272892574194
52,child,21,29645,3,0,-355,0.09382272892574194
52,child,22,29855,3,0,-145,0.09382272892574194
52,child,23,9657,1,0,-343,0.09382272892574194
53,champ,-1,49879,5,0,-121,0.09147716070259838
53,child,0,21767,2,1,-233,0.09147716070259838
53,child,1,19728,2,0,-272,0.09147716070259838
53,child,2,19852,2,0,-148,0.09147716070259838
53,child,3,-411,0,0,-411,0.09147716070259838
53,child,4,9646,1,0,-354,0.09147716070259838
53,child,5,19741,2,0,-259,0.09147716070259838
53,child,6,9615,1,0,-385,0.09147716070259838
53,child,7,21717,2,1,-283,0.09147716070259838
53,child,8,19622,2,0,-378,0.09147716070259838
53,child,9,29667,3,0,-333,0.09147716070259838
53,child,10,19687,2,0,-313,0.09147716070259838
53,child,11,39913,4,0,-87,0.09147716070259838
53,child,12,29798,3,0,-202,0.09147716070259838
53,child,13,21774,2,1,-226,0.09147716070259838
53,child,14,19786,2,0,-214,0.09147716070259838
53,child,15,21810,2,1,-190,0.09147716070259838
53,child,16,9649,1,0,-351,0.09147716070259838
53,child,17,9542,1,0,-458,0.09147716070259838
53,child,18,19694,2,0,-306,0.09147716070259838
53,child,19,29750,3,0,-250,0.09147716070259838
53,child,20,39764,4,0,-236,0.09147716070259838
53,child,21,39761,4,0,-239,0.09147716070259838
53,child,22,19681,2,0,-319,0.09147716070259838
53,child,23,9604,1,0,-396,0.09147716070259838
54,champ,-1,21842,2,1,-158,0.08919023168503343
54,child,0,19676,2,0,-324,0.08919023168503343
54,child,1,39858,4,0,-142,0.08919023168503343
54,child,2,39802,4,0,-198,0.08919023168503343
54,child,3,9703,1,0,-297,0.08919023168503343
54,child,4,-361,0,0,-361,0.08919023168503343
54,child,5,49907,5,0,-93,0.08919023168503343
54,child,6,41747,4,1,-253,0.08919023168503343
54,child,7,9556,1,0,-444,0.08919023168503343
54,child,8,9615,1,0,-385,0.08919023168503343
54,child,9,-490,0,0,-490,0.08919023168503343
54,child,10,9627,1,0,-373,0.08919023168503343
54,child,11,19606,2,0,-394,0.08919023168503343
54,child,12,39782,4,0,-218,0.08919023168503343
54,child,13,41676,4,1,-324,0.08919023168503343
54,child,14,39767,4,0,-233,0.08919023168503343
54,child,15,21658,2,1,-342,0.08919023168503343
54,child,16,1678,0,1,-322,0.08919023168503343
54,child,17,9661,1,0,-339,0.08919023168503343
54,child,18,-445,0,0,-445,0.08919023168503343
54,child,19,-484,0,0,-484,0.08919023168503343
54,child,20,-506,0,0,-506,0.08919023168503343
54,child,21,19688,2,0,-312,0.08919023168503343
54,child,22,19744,2,0,-256,0.08919023168503343
54,child,23,49859,5,0,-141,0.08919023168503343
55,champ,-1,9698,1,0,-302,0.08696047589290759
55,child,0,29825,3,0,-175,0.08696047589290759
55,child,1,9586,1,0,-414,0.08696047589290759
55,child,2,19716,2,0,-284,0.08696047589290759
55,child,3,19656,2,0,-344,0.08696047589290759
55,child,4,39687,4,0,-313,0.08696047589290759
55,child,5,29718,3,0,-282,0.08696047589290759
55,child,6,19691,2,0,-309,0.08696047589290759
55,child,7,9659,1,0,-341,0.08696047589290759
55,child,8,19640,2,0,-360,0.08696047589290759
55,child,9,29733,3,0,-267,0.08696047589290759
55,child,10,39731,4,0,-269,0.08696047589290759
55,child,11,29710,3,0,-290,0.08696047589290759
55,child,12,39832,4,0,-168,0.08696047589290759
55,child,13,9750,1,0,-250,0.08696047589290759
55,child,14,19686,2,0,-314,0.08696047589290759
55,child,15,29768,3,0,-232,0.08696047589290759
55,child,16,19689,2,0,-311,0.08696047589290759
55,child,17,29676,3,0,-324,0.08696047589290759
55,child,18,21615,2,1,-385,0.08696047589290759
55,child,19,19736,2,0,-264,0.08696047589290759
55,child,20,21685,2,1,-315,0.08696047589290759
55,child,21,19648,2,0,-352,0.08696047589290759
55,child,22,19612,2,0,-388,0.08696047589290759
55,child,23,19646,2,0,-354,0.08696047589290759
56,champ,-1,49905,5,0,-95,0.0847864639955849
56,child,0,21688,2,1,-312,0.0847864639955849
56,child,1,19689,2,0,-311,0.0847864639955849
56,child,2,9590,1,0,-410,0.0847864639955849
56,child,3,29713,3,0,-287,0.0847864639955849
56,child,4,19822,2,0,-178,0.0847864639955849
56,child,5,1653,0,1,-347,0.0847864639955849
56,child,6,29760,3,0,-240,0.0847864639955849
56,child,7,39625,4,0,-375,0.0847864639955849
56,child,8,29661,3,0,-339,0.0847864639955849
56,child,9,29699,3,0,-301,0.0847864639955849
56,child,10,9779,1,0,-221,0.0847864639955849
56,child,11,29696,3,0,-304,0.0847864639955849
56,child,12,9670,1,0,-330,0.0847864639955849
56,child,13,31672,3,1,-328,0.0847864639955849
56,child,14,29760,3,0,-240,0.0847864639955849
56,child,15,19574,2,0,-426,0.0847864639955849
56,child,16,29743,3,0,-257,0.0847864639955849
56,child,17,49884,5,0,-116,0.0847864639955849
56,child,18,19675,2,0,-325,0.0847864639955849
56,child,19,9673,1,0,-327,0.0847864639955849
56,child,20,29701,3,0,-299,0.0847864639955849
56,child,21,9604,1,0,-396,0.0847864639955849
56,child,22,19695,2,0,-305,0.0847864639955849
56,child,23,9658,1,0,-342,0.0847864639955849
57,champ,-1,21865,2,1,-135,0.08266680239569528
57,child,0,9646,1,0,-354,0.08266680239569528
57,child,1,19697,2,0,-303,0.08266680239569528
57,child,2,19678,2,0,-322,0.08266680239569528
57,child,3,9680,1,0,-320,0.08266680239569528
57,child,4,9549,1,0,-451,0.08266680239569528
57,child,5,19686,2,0,-314,0.08266680239569528
57,child,6,19685,2,0,-315,0.08266680239569528
57,child,7,39728,4,0,-272,0.08266680239569528
57,child,8,9637,1,0,-363,0.08266680239569528
57,child,9,29743,3,0,-257,0.08266680239569528
57,child,10,-448,0,0,-448,0.08266680239569528
57,child,11,9656,1,0,-344,0.08266680239569528
57,child,12,19766,2,0,-234,0.08266680239569528
57,child,13,29765,3,0,-235,0.08266680239569528
57,child,14,29730,3,0,-270,0.08266680239569528
57,child,15,19786,2,0,-214,0.08266680239569528
57,child,16,29680,3,0,-320,0.08266680239569528
57,child,17,19742,2,0,-258,0.08266680239569528
57,child,18,19717,2,0,-283,0.08266680239569528
57,child,19,39760,4,0,-240,0.08266680239569528
57,child,20,19736,2,0,-264,0.08266680239569528
57,child,21,19663,2,0,-337,0.08266680239569528
57,child,22,39892,4,0,-108,0.08266680239569528
57,child,23,19607,2,0,-393,0.08266680239569528
58,champ,-1,49893,5,0,-107,0.08060013233580289
58,child,0,19669,2,0,-331,0.08060013233580289
58,child,1,49768,5,0,-232,0.08060013233580289
58,child,2,-418,0,0,-418,0.08060013233580289
58,child,3,9739,1,0,-261,0.08060013233580289
58,child,4,29650,3,0,-350,0.08060013233580289
58,child,5,29694,3,0,-306,0.08060013233580289
58,child,6,9637,1,0,-363,0.08060013233580289
58,child,7,39727,4,0,-273,0.08060013233580289
58,child,8,19636,2,0,-364,0.08060013233580289
58,child,9,9645,1,0,-355,0.08060013233580289
58,child,10,29715,3,0,-285,0.08060013233580289
58,child,11,19560,2,0,-440,0.08060013233580289
58,child,12,41805,4,1,-195,0.08060013233580289
58,child,13,29816,3,0,-184,0.08060013233580289
58,child,14,21765,2,1,-235,0.08060013233580289
58,child,15,21761,2,1,-239,0.08060013233580289
58,child,16,-383,0,0,-383,0.08060013233580289
58,child,17,19704,2,0,-296,0.08060013233580289
58,child,18,29746,3,0,-254,0.08060013233580289
58,child,19,29841,3,0,-159,0.08060013233580289
58,child,20,1650,0,1,-350,0.08060013233580289
58,child,21,9695,1,0,-305,0.08060013233580289
58,child,22,19788,2,0,-212,0.08060013233580289
58,child,23,29745,3,0,-255,0.08060013233580289
59,champ,-1,61970,6,1,-30,0.07858512902740782
59,child,0,19675,2,0,-325,0.07858512902740782
59,child,1,29776,3,0,-224,0.07858512902740782
59,child,2,19636,2,0,-364,0.07858512902740782
59,child,3,39768,4,0,-232,0.07858512902740782
59,child,4,29725,3,0,-275,0.07858512902740782
59,child,5,29785,3,0,-215,0.07858512902740782
59,child,6,-329,0,0,-329,0.07858512902740782
59,child,7,9580,1,0,-420,0.07858512902740782
59,child,8,21774,2,1,-226,0.07858512902740782
59,child,9,41782,4,1,-218,0.07858512902740782
59,child,10,21764,2,1,-236,0.07858512902740782
59,child,11,29890,3,0,-110,0.07858512902740782
59,child,12,29719,3,0,-281,0.07858512902740782
59,child,13,31735,3,1,-265,0.07858512902740782
59,child,14,29775,3,0,-225,0.07858512902740782
59,child,15,19764,2,0,-236,0.07858512902740782
59,child,16,29759,3,0,-241,0.07858512902740782
59,child,17,19700,2,0,-300,0.07858512902740782
59,child,18,29781,3,0,-219,0.07858512902740782
59,child,19,19729,2,0,-271,0.07858512902740782
59,child,20,19655,2,0,-345,0.07858512902740782
59,child,21,9631,1,0,-369,0.07858512902740782
59,child,22,39767,4,0,-233,0.07858512902740782
59,child,23,19793,2,0,-207,0.07858512902740782
60,champ,-1,49871,5,0,-129,0.07662050080172261
60,child,0,21699,2,1,-301,0.07662050080172261
60,child,1,19776,2,0,-224,0.07662050080172261
60,child,2,19685,2,0,-315,0.07662050080172261
60,child,3,9668,1,0,-332,0.07662050080172261
60,child,4,19606,2,0,-394,0.07662050080172261
60,child,5,11637,1,1,-363,0.07662050080172261
60,child,6,29800,3,0,-200,0.07662050080172261
60,child,7,29676,3,0,-324,0.07662050080172261
60,child,8,39697,4,0,-303,0.07662050080172261
60,child,9,-441,0,0,-441,0.07662050080172261
60,child,10,11688,1,1,-312,0.07662050080172261
60,child,11,29644,3,0,-356,0.07662050080172261
60,child,12,9781,1,0,-219,0.07662050080172261
60,child,13,9713,1,0,-287,0.07662050080172261
60,child,14,19585,2,0,-415,0.07662050080172261
60,child,15,19839,2,0,-161,0.07662050080172261
60,child,16,19688,2,0,-312,0.07662050080172261
60,child,17,19755,2,0,-245,0.07662050080172261
60,child,18,29842,3,0,-158,0.07662050080172261
60,child,19,19758,2,0,-242,0.07662050080172261
60,child,20,29841,3,0,-159,0.07662050080172261
60,child,21,29802,3,0,-198,0.07662050080172261
60,child,22,9651,1,0,-349,0.07662050080172261
60,child,23,29608,3,0,-392,0.07662050080172261
0,23,72117,7,1,117,0.3
1,7,62048,6,1,48,0.291
2,1,72118,7,1,118,0.28226999999999997
3,1,60102,6,0,102,0.27380189999999993
4,19,70195,7,0,195,0.26558784299999993
5,6,60159,6,0,159,0.25762020770999994
6,12,70227,7,0,227,0.24989160147869993
7,1,60214,6,0,214,0.24239485343433892
8,14,70226,7,0,226,0.23512300783130874
9,13,70147,7,0,147,0.22806931759636948
10,16,70144,7,0,144,0.22122723806847838
11,19,70145,7,0,145,0.21459042092642402
12,17,70245,7,0,245,0.2081527082986313
13,15,70179,7,0,179,0.20190812704967237
14,8,70186,7,0,186,0.1958508832381822
15,19,70216,7,0,216,0.18997535674103672
16,6,72229,7,1,229,0.1842760960388056
17,16,80232,8,0,232,0.17874781315764143
18,12,70227,7,0,227,0.17338537876291218
19,23,70257,7,0,257,0.1681838174000248
20,21,72173,7,1,173,0.16313830287802406
21,6,80177,8,0,177,0.15824415379168333
22,15,80261,8,0,261,0.15349682917793284
23,13,72241,7,1,241,0.14889192430259485
24,15,90168,9,0,168,0.144425166573517
25,15,80215,8,0,215,0.1400924115763115
26,20,80254,8,0,254,0.13588963922902214
27,22,70256,7,0,256,0.13181295005215146
28,19,90285,9,0,285,0.12785856155058692
29,16,72198,7,1,198,0.1240228047040693
30,20,80278,8,0,278,0.12030212056294722
31,1,90245,9,0,245,0.11669305694605879
32,3,80295,8,0,295,0.11319226523767702
33,2,80248,8,0,248,0.1097964972805467
34,7,80241,8,0,241,0.1065026023621303
35,12,80295,8,0,295,0.10330752429126638
36,13,90163,9,0,163,0.10020829856252839
37,19,90289,9,0,289,0.09720204960565253
38,0,80173,8,0,173,0.09428598811748296
39,23,90219,9,0,219,0.09145740847395846
40,2,80301,8,0,301,0.0887136862197397
41,13,82280,8,1,280,0.0860522756331475
42,0,90401,9,0,401,0.08347070736415307
43,11,82222,8,1,222,0.08096658614322848
44,3,90246,9,0,246,0.07853758855893161
45,3,90241,9,0,241,0.07618146090216367
46,19,90266,9,0,266,0.07389601707509875
47,14,80325,8,0,325,0.07167913656284579
48,4,82330,8,1,330,0.06952876246596042
49,19,70286,7,0,286,0.0674428995919816
50,9,90318,9,0,318,0.06541961260422215
51,10,90277,9,0,277,0.06345702422609548
52,2,80252,8,0,252,0.06155331349931261
53,0,80284,8,0,284,0.06
54,8,90263,9,0,263,0.06
55,7,100198,10,0,198,0.06
56,20,72270,7,1,270,0.06
57,21,80259,8,0,259,0.06
58,18,92256,9,1,256,0.06
59,17,82344,8,1,344,0.06
60,3,80331,8,0,331,0.06
