generation,kind,index,fitness,wins,ties,margin,sigma
0,champion,0,-1985,0,0,-1985,0.3
1,champion,-1,-2023,0,0,-2023,0.291
1,child,0,-1806,0,0,-1806,0.291
1,child,1,-1872,0,0,-1872,0.291
1,child,2,-1917,0,0,-1917,0.291
1,child,3,-1834,0,0,-1834,0.291
1,child,4,-2162,0,0,-2162,0.291
1,child,5,-1888,0,0,-1888,0.291
1,child,6,-1966,0,0,-1966,0.291
1,child,7,-1817,0,0,-1817,0.291
1,child,8,-2122,0,0,-2122,0.291
1,child,9,-1889,0,0,-1889,0.291
1,child,10,-1620,0,0,-1620,0.291
1,child,11,-1799,0,0,-1799,0.291
1,child,12,-1922,0,0,-1922,0.291
1,child,13,-1913,0,0,-1913,0.291
1,child,14,-1236,0,0,-1236,0.291
1,child,15,-1914,0,0,-1914,0.291
1,child,16,-1981,0,0,-1981,0.291
1,child,17,-1846,0,0,-1846,0.291
1,child,18,-1878,0,0,-1878,0.291
1,child,19,-1678,0,0,-1678,0.291
1,child,20,-1995,0,0,-1995,0.291
1,child,21,-1846,0,0,-1846,0.291
1,child,22,-1555,0,0,-1555,0.291
1,child,23,-1875,0,0,-1875,0.291
2,champion,-1,-1314,0,0,-1314,0.28226999999999997
2,child,0,-1237,0,0,-1237,0.28226999999999997
2,child,1,-1400,0,0,-1400,0.28226999999999997
2,child,2,-1987,0,0,-1987,0.28226999999999997
2,child,3,-1653,0,0,-1653,0.28226999999999997
2,child,4,-1664,0,0,-1664,0.28226999999999997
2,child,5,-1572,0,0,-1572,0.28226999999999997
2,child,6,-1722,0,0,-1722,0.28226999999999997
2,child,7,-1556,0,0,-1556,0.28226999999999997
2,child,8,-1822,0,0,-1822,0.28226999999999997
2,child,9,-1896,0,0,-1896,0.28226999999999997
2,child,10,-1437,0,0,-1437,0.28226999999999997
2,child,11,-1977,0,0,-1977,0.28226999999999997
2,child,12,-1247,0,0,-1247,0.28226999999999997
2,child,13,-1520,0,0,-1520,0.28226999999999997
2,child,14,-1793,0,0,-1793,0.28226999999999997
2,child,15,-1551,0,0,-1551,0.28226999999999997
2,child,16,-1490,0,0,-1490,0.28226999999999997
2,child,17,-1593,0,0,-1593,0.28226999999999997
2,child,18,-1348,0,0,-1348,0.28226999999999997
2,child,19,-1901,0,0,-1901,0.28226999999999997
2,child,20,-1682,0,0,-1682,0.28226999999999997
2,child,21,-1738,0,0,-1738,0.28226999999999997
2,child,22,-1639,0,0,-1639,0.28226999999999997
2,child,23,-1300,0,0,-1300,0.28226999999999997
3,champion,-1,-1077,0,0,-1077,0.27380189999999993
3,child,0,-1703,0,0,-1703,0.27380189999999993
3,child,1,-1603,0,0,-1603,0.27380189999999993
3,child,2,-1241,0,0,-1241,0.27380189999999993
3,child,3,-952,0,0,-952,0.27380189999999993
3,child,4,-1611,0,0,-1611,0.27380189999999993
3,child,5,-1266,0,0,-1266,0.27380189999999993
3,child,6,-1552,0,0,-1552,0.27380189999999993
3,child,7,-1704,0,0,-1704,0.27380189999999993
3,child,8,-797,0,0,-797,0.27380189999999993
3,child,9,-1443,0,0,-1443,0.27380189999999993
3,child,10,-1356,0,0,-1356,0.27380189999999993
3,child,11,-1641,0,0,-1641,0.27380189999999993
3,child,12,-1444,0,0,-1444,0.27380189999999993
3,child,13,-1628,0,0,-1628,0.27380189999999993
3,child,14,-1503,0,0,-1503,0.27380189999999993
3,child,15,-1518,0,0,-1518,0.27380189999999993
3,child,16,-1549,0,0,-1549,0.27380189999999993
3,child,17,-2039,0,0,-2039,0.27380189999999993
3,child,18,-1574,0,0,-1574,0.27380189999999993
3,child,19,-1294,0,0,-1294,0.27380189999999993
3,child,20,-1439,0,0,-1439,0.27380189999999993
3,child,21,-1078,0,0,-1078,0.27380189999999993
3,child,22,-1701,0,0,-1701,0.27380189999999993
3,child,23,-1416,0,0,-1416,0.27380189999999993
0,champion,0,-939,0,0,-939,0.3
1,champion,-1,-1080,0,0,-1080,0.291
1,child,0,-794,0,0,-794,0.291
1,child,1,-1511,0,0,-1511,0.291
1,child,2,9080,1,0,-920,0.291
1,child,3,-1322,0,0,-1322,0.291
1,child,4,-912,0,0,-912,0.291
1,child,5,-1303,0,0,-1303,0.291
1,child,6,-1446,0,0,-1446,0.291
1,child,7,-1293,0,0,-1293,0.291
1,child,8,-814,0,0,-814,0.291
1,child,9,-932,0,0,-932,0.291
1,child,10,-1369,0,0,-1369,0.291
1,child,11,-836,0,0,-836,0.291
1,child,12,-1208,0,0,-1208,0.291
1,child,13,-1204,0,0,-1204,0.291
1,child,14,-1108,0,0,-1108,0.291
1,child,15,-1227,0,0,-1227,0.291
1,child,16,-1599,0,0,-1599,0.291
1,child,17,-984,0,0,-984,0.291
1,child,18,-1113,0,0,-1113,0.291
1,child,19,-1202,0,0,-1202,0.291
1,child,20,-1142,0,0,-1142,0.291
1,child,21,-1046,0,0,-1046,0.291
1,child,22,-1310,0,0,-1310,0.291
1,child,23,-1192,0,0,-1192,0.291
2,champion,-1,-730,0,0,-730,0.28226999999999997
2,child,0,-1100,0,0,-1100,0.28226999999999997
2,child,1,-735,0,0,-735,0.28226999999999997
2,child,2,-1307,0,0,-1307,0.28226999999999997
2,child,3,-911,0,0,-911,0.28226999999999997
2,child,4,-1093,0,0,-1093,0.28226999999999997
2,child,5,-908,0,0,-908,0.28226999999999997
2,child,6,-1129,0,0,-1129,0.28226999999999997
2,child,7,-1105,0,0,-1105,0.28226999999999997
2,child,8,11482,1,1,-518,0.28226999999999997
2,child,9,-936,0,0,-936,0.28226999999999997
2,child,10,-989,0,0,-989,0.28226999999999997
2,child,11,-934,0,0,-934,0.28226999999999997
2,child,12,-1008,0,0,-1008,0.28226999999999997
2,child,13,-1017,0,0,-1017,0.28226999999999997
2,child,14,-828,0,0,-828,0.28226999999999997
2,child,15,-934,0,0,-934,0.28226999999999997
2,child,16,-650,0,0,-650,0.28226999999999997
2,child,17,-1205,0,0,-1205,0.28226999999999997
2,child,18,-716,0,0,-716,0.28226999999999997
2,child,19,-1067,0,0,-1067,0.28226999999999997
2,child,20,-1050,0,0,-1050,0.28226999999999997
2,child,21,-1099,0,0,-1099,0.28226999999999997
2,child,22,-1166,0,0,-1166,0.28226999999999997
2,child,23,-1068,0,0,-1068,0.28226999999999997
3,champion,-1,9366,1,0,-634,0.27380189999999993
3,child,0,-1090,0,0,-1090,0.27380189999999993
3,child,1,-901,0,0,-901,0.27380189999999993
3,child,2,8962,1,0,-1038,0.27380189999999993
3,child,3,-584,0,0,-584,0.27380189999999993
3,child,4,-725,0,0,-725,0.27380189999999993
3,child,5,-680,0,0,-680,0.27380189999999993
3,child,6,-1095,0,0,-1095,0.27380189999999993
3,child,7,-896,0,0,-896,0.27380189999999993
3,child,8,-1206,0,0,-1206,0.27380189999999993
3,child,9,-1312,0,0,-1312,0.27380189999999993
3,child,10,-1731,0,0,-1731,0.27380189999999993
3,child,11,-1007,0,0,-1007,0.27380189999999993
3,child,12,-745,0,0,-745,0.27380189999999993
3,child,13,-1285,0,0,-1285,0.27380189999999993
3,child,14,9607,1,0,-393,0.27380189999999993
3,child,15,9239,1,0,-761,0.27380189999999993
3,child,16,-755,0,0,-755,0.27380189999999993
3,child,17,-653,0,0,-653,0.27380189999999993
3,child,18,-1410,0,0,-1410,0.27380189999999993
3,child,19,-915,0,0,-915,0.27380189999999993
3,child,20,19667,2,0,-333,0.27380189999999993
3,child,21,9108,1,0,-892,0.27380189999999993
3,child,22,-627,0,0,-627,0.27380189999999993
3,child,23,-1066,0,0,-1066,0.27380189999999993
4,champion,-1,9454,1,0,-546,0.26558784299999993
4,child,0,-821,0,0,-821,0.26558784299999993
4,child,1,-1175,0,0,-1175,0.26558784299999993
4,child,2,-700,0,0,-700,0.26558784299999993
4,child,3,9484,1,0,-516,0.26558784299999993
4,child,4,9086,1,0,-914,0.26558784299999993
4,child,5,-755,0,0,-755,0.26558784299999993
4,child,6,-790,0,0,-790,0.26558784299999993
4,child,7,9549,1,0,-451,0.26558784299999993
4,child,8,-1028,0,0,-1028,0.26558784299999993
4,child,9,-961,0,0,-961,0.26558784299999993
4,child,10,-534,0,0,-534,0.26558784299999993
4,child,11,9241,1,0,-759,0.26558784299999993
4,child,12,-827,0,0,-827,0.26558784299999993
4,child,13,19568,2,0,-432,0.26558784299999993
4,child,14,9521,1,0,-479,0.26558784299999993
4,child,15,-1026,0,0,-1026,0.26558784299999993
4,child,16,-1091,0,0,-1091,0.26558784299999993
4,child,17,-782,0,0,-782,0.26558784299999993
4,child,18,-752,0,0,-752,0.26558784299999993
4,child,19,-626,0,0,-626,0.26558784299999993
4,child,20,-894,0,0,-894,0.26558784299999993
4,child,21,-720,0,0,-720,0.26558784299999993
4,child,22,9422,1,0,-578,0.26558784299999993
4,child,23,-746,0,0,-746,0.26558784299999993
5,champion,-1,9305,1,0,-695,0.25762020770999994
5,child,0,-1263,0,0,-1263,0.25762020770999994
5,child,1,9350,1,0,-650,0.25762020770999994
5,child,2,-543,0,0,-543,0.25762020770999994
5,child,3,-1032,0,0,-1032,0.25762020770999994
5,child,4,-720,0,0,-720,0.25762020770999994
5,child,5,-1257,0,0,-1257,0.25762020770999994
5,child,6,9501,1,0,-499,0.25762020770999994
5,child,7,-850,0,0,-850,0.25762020770999994
5,child,8,-1183,0,0,-1183,0.25762020770999994
5,child,9,19701,2,0,-299,0.25762020770999994
5,child,10,9419,1,0,-581,0.25762020770999994
5,child,11,19551,2,0,-449,0.25762020770999994
5,child,12,-1031,0,0,-1031,0.25762020770999994
5,child,13,-862,0,0,-862,0.25762020770999994
5,child,14,-872,0,0,-872,0.25762020770999994
5,child,15,-820,0,0,-820,0.25762020770999994
5,child,16,-728,0,0,-728,0.25762020770999994
5,child,17,-1150,0,0,-1150,0.25762020770999994
5,child,18,-676,0,0,-676,0.25762020770999994
5,child,19,9522,1,0,-478,0.25762020770999994
5,child,20,-631,0,0,-631,0.25762020770999994
5,child,21,-1160,0,0,-1160,0.25762020770999994
5,child,22,9362,1,0,-638,0.25762020770999994
5,child,23,9317,1,0,-683,0.25762020770999994
6,champion,-1,29683,3,0,-317,0.24989160147869993
6,child,0,-747,0,0,-747,0.24989160147869993
6,child,1,9320,1,0,-680,0.24989160147869993
6,child,2,-798,0,0,-798,0.24989160147869993
6,child,3,19420,2,0,-580,0.24989160147869993
6,child,4,-881,0,0,-881,0.24989160147869993
6,child,5,9467,1,0,-533,0.24989160147869993
6,child,6,-1024,0,0,-1024,0.24989160147869993
6,child,7,19447,2,0,-553,0.24989160147869993
6,child,8,-675,0,0,-675,0.24989160147869993
6,child,9,29692,3,0,-308,0.24989160147869993
6,child,10,29883,3,0,-117,0.24989160147869993
6,child,11,9654,1,0,-346,0.24989160147869993
6,child,12,9030,1,0,-970,0.24989160147869993
6,child,13,-608,0,0,-608,0.24989160147869993
6,child,14,9583,1,0,-417,0.24989160147869993
6,child,15,-783,0,0,-783,0.24989160147869993
6,child,16,-763,0,0,-763,0.24989160147869993
6,child,17,-777,0,0,-777,0.24989160147869993
6,child,18,-436,0,0,-436,0.24989160147869993
6,child,19,29558,3,0,-442,0.24989160147869993
6,child,20,19591,2,0,-409,0.24989160147869993
6,child,21,19430,2,0,-570,0.24989160147869993
6,child,22,19448,2,0,-552,0.24989160147869993
6,child,23,-1075,0,0,-1075,0.24989160147869993
7,champion,-1,19561,2,0,-439,0.24239485343433892
7,child,0,-911,0,0,-911,0.24239485343433892
7,child,1,19294,2,0,-706,0.24239485343433892
7,child,2,-574,0,0,-574,0.24239485343433892
7,child,3,19529,2,0,-471,0.24239485343433892
7,child,4,9358,1,0,-642,0.24239485343433892
7,child,5,9640,1,0,-360,0.24239485343433892
7,child,6,9139,1,0,-861,0.24239485343433892
7,child,7,29500,3,0,-500,0.24239485343433892
7,child,8,-612,0,0,-612,0.24239485343433892
7,child,9,11429,1,1,-571,0.24239485343433892
7,child,10,29774,3,0,-226,0.24239485343433892
7,child,11,-843,0,0,-843,0.24239485343433892
7,child,12,-1136,0,0,-1136,0.24239485343433892
7,child,13,-742,0,0,-742,0.24239485343433892
7,child,14,-648,0,0,-648,0.24239485343433892
7,child,15,19397,2,0,-603,0.24239485343433892
7,child,16,9283,1,0,-717,0.24239485343433892
7,child,17,9375,1,0,-625,0.24239485343433892
7,child,18,9493,1,0,-507,0.24239485343433892
7,child,19,19437,2,0,-563,0.24239485343433892
7,child,20,-570,0,0,-570,0.24239485343433892
7,child,21,9254,1,0,-746,0.24239485343433892
7,child,22,39556,4,0,-444,0.24239485343433892
7,child,23,9267,1,0,-733,0.24239485343433892
8,champion,-1,9409,1,0,-591,0.23512300783130874
8,child,0,19614,2,0,-386,0.23512300783130874
8,child,1,-670,0,0,-670,0.23512300783130874
8,child,2,-750,0,0,-750,0.23512300783130874
8,child,3,9338,1,0,-662,0.23512300783130874
8,child,4,-767,0,0,-767,0.23512300783130874
8,child,5,-759,0,0,-759,0.23512300783130874
8,child,6,-724,0,0,-724,0.23512300783130874
8,child,7,19576,2,0,-424,0.23512300783130874
8,child,8,-717,0,0,-717,0.23512300783130874
8,child,9,19597,2,0,-403,0.23512300783130874
8,child,10,29500,3,0,-500,0.23512300783130874
8,child,11,-981,0,0,-981,0.23512300783130874
8,child,12,-984,0,0,-984,0.23512300783130874
8,child,13,-620,0,0,-620,0.23512300783130874
8,child,14,19520,2,0,-480,0.23512300783130874
8,child,15,9249,1,0,-751,0.23512300783130874
8,child,16,-1023,0,0,-1023,0.23512300783130874
8,child,17,-906,0,0,-906,0.23512300783130874
8,child,18,-649,0,0,-649,0.23512300783130874
8,child,19,-1017,0,0,-1017,0.23512300783130874
8,child,20,-682,0,0,-682,0.23512300783130874
8,child,21,19218,2,0,-782,0.23512300783130874
8,child,22,29794,3,0,-206,0.23512300783130874
8,child,23,-755,0,0,-755,0.23512300783130874
9,champion,-1,19596,2,0,-404,0.22806931759636948
9,child,0,19627,2,0,-373,0.22806931759636948
9,child,1,-808,0,0,-808,0.22806931759636948
9,child,2,-796,0,0,-796,0.22806931759636948
9,child,3,9481,1,0,-519,0.22806931759636948
9,child,4,29671,3,0,-329,0.22806931759636948
9,child,5,-949,0,0,-949,0.22806931759636948
9,child,6,19559,2,0,-441,0.22806931759636948
9,child,7,9565,1,0,-435,0.22806931759636948
9,child,8,-1048,0,0,-1048,0.22806931759636948
9,child,9,9411,1,0,-589,0.22806931759636948
9,child,10,19789,2,0,-211,0.22806931759636948
9,child,11,29458,3,0,-542,0.22806931759636948
9,child,12,-701,0,0,-701,0.22806931759636948
9,child,13,9280,1,0,-720,0.22806931759636948
9,child,14,-1301,0,0,-1301,0.22806931759636948
9,child,15,-861,0,0,-861,0.22806931759636948
9,child,16,9518,1,0,-482,0.22806931759636948
9,child,17,9564,1,0,-436,0.22806931759636948
9,child,18,-737,0,0,-737,0.22806931759636948
9,child,19,-878,0,0,-878,0.22806931759636948
9,child,20,-610,0,0,-610,0.22806931759636948
9,child,21,-757,0,0,-757,0.22806931759636948
9,child,22,9486,1,0,-514,0.22806931759636948
9,child,23,9179,1,0,-821,0.22806931759636948
10,champion,-1,9442,1,0,-558,0.22122723806847838
10,child,0,-725,0,0,-725,0.22122723806847838
10,child,1,9439,1,0,-561,0.22122723806847838
10,child,2,-819,0,0,-819,0.22122723806847838
10,child,3,49879,5,0,-121,0.22122723806847838
10,child,4,19516,2,0,-484,0.22122723806847838
10,child,5,-668,0,0,-668,0.22122723806847838
10,child,6,9357,1,0,-643,0.22122723806847838
10,child,7,9071,1,0,-929,0.22122723806847838
10,child,8,-600,0,0,-600,0.22122723806847838
10,child,9,29690,3,0,-310,0.22122723806847838
10,child,10,9411,1,0,-589,0.22122723806847838
10,child,11,9349,1,0,-651,0.22122723806847838
10,child,12,9719,1,0,-281,0.22122723806847838
10,child,13,-1293,0,0,-1293,0.22122723806847838
10,child,14,9362,1,0,-638,0.22122723806847838
10,child,15,9561,1,0,-439,0.22122723806847838
10,child,16,-647,0,0,-647,0.22122723806847838
10,child,17,-964,0,0,-964,0.22122723806847838
10,child,18,9669,1,0,-331,0.22122723806847838
10,child,19,19768,2,0,-232,0.22122723806847838
10,child,20,19462,2,0,-538,0.22122723806847838
10,child,21,-845,0,0,-845,0.22122723806847838
10,child,22,9409,1,0,-591,0.22122723806847838
10,child,23,9370,1,0,-630,0.22122723806847838
11,champion,-1,19534,2,0,-466,0.21459042092642402
11,child,0,9364,1,0,-636,0.21459042092642402
11,child,1,-722,0,0,-722,0.21459042092642402
11,child,2,29538,3,0,-462,0.21459042092642402
11,child,3,-710,0,0,-710,0.21459042092642402
11,child,4,9349,1,0,-651,0.21459042092642402
11,child,5,9257,1,0,-743,0.21459042092642402
11,child,6,19634,2,0,-366,0.21459042092642402
11,child,7,21679,2,1,-321,0.21459042092642402
11,child,8,9597,1,0,-403,0.21459042092642402
11,child,9,9444,1,0,-556,0.21459042092642402
11,child,10,-959,0,0,-959,0.21459042092642402
11,child,11,-912,0,0,-912,0.21459042092642402
11,child,12,-720,0,0,-720,0.21459042092642402
11,child,13,-1395,0,0,-1395,0.21459042092642402
11,child,14,29673,3,0,-327,0.21459042092642402
11,child,15,19420,2,0,-580,0.21459042092642402
11,child,16,29720,3,0,-280,0.21459042092642402
11,child,17,29521,3,0,-479,0.21459042092642402
11,child,18,-735,0,0,-735,0.21459042092642402
11,child,19,-979,0,0,-979,0.21459042092642402
11,child,20,9154,1,0,-846,0.21459042092642402
11,child,21,9448,1,0,-552,0.21459042092642402
11,child,22,-975,0,0,-975,0.21459042092642402
11,child,23,9274,1,0,-726,0.21459042092642402
12,champion,-1,19584,2,0,-416,0.2081527082986313
12,child,0,29518,3,0,-482,0.2081527082986313
12,child,1,9350,1,0,-650,0.2081527082986313
12,child,2,29745,3,0,-255,0.2081527082986313
12,child,3,9135,1,0,-865,0.2081527082986313
12,child,4,-1015,0,0,-1015,0.2081527082986313
12,child,5,29579,3,0,-421,0.2081527082986313
12,child,6,-772,0,0,-772,0.2081527082986313
12,child,7,29424,3,0,-576,0.2081527082986313
12,child,8,-1129,0,0,-1129,0.2081527082986313
12,child,9,9390,1,0,-610,0.2081527082986313
12,child,10,29756,3,0,-244,0.2081527082986313
12,child,11,-647,0,0,-647,0.2081527082986313
12,child,12,-1114,0,0,-1114,0.2081527082986313
12,child,13,9291,1,0,-709,0.2081527082986313
12,child,14,-1279,0,0,-1279,0.2081527082986313
12,child,15,29553,3,0,-447,0.2081527082986313
12,child,16,9369,1,0,-631,0.2081527082986313
12,child,17,-1374,0,0,-1374,0.2081527082986313
12,child,18,39609,4,0,-391,0.2081527082986313
12,child,19,9248,1,0,-752,0.2081527082986313
12,child,20,21681,2,1,-319,0.2081527082986313
12,child,21,-885,0,0,-885,0.2081527082986313
12,child,22,-976,0,0,-976,0.2081527082986313
12,child,23,8836,1,0,-1164,0.2081527082986313
13,champion,-1,29420,3,0,-580,0.20190812704967237
13,child,0,9333,1,0,-667,0.20190812704967237
13,child,1,21307,2,1,-693,0.20190812704967237
13,child,2,9070,1,0,-930,0.20190812704967237
13,child,3,9179,1,0,-821,0.20190812704967237
13,child,4,9322,1,0,-678,0.20190812704967237
13,child,5,-950,0,0,-950,0.20190812704967237
13,child,6,11397,1,1,-603,0.20190812704967237
13,child,7,-1010,0,0,-1010,0.20190812704967237
13,child,8,-949,0,0,-949,0.20190812704967237
13,child,9,19327,2,0,-673,0.20190812704967237
13,child,10,-819,0,0,-819,0.20190812704967237
13,child,11,19346,2,0,-654,0.20190812704967237
13,child,12,9207,1,0,-793,0.20190812704967237
13,child,13,19360,2,0,-640,0.20190812704967237
13,child,14,-1182,0,0,-1182,0.20190812704967237
13,child,15,-994,0,0,-994,0.20190812704967237
13,child,16,-1014,0,0,-1014,0.20190812704967237
13,child,17,9251,1,0,-749,0.20190812704967237
13,child,18,-746,0,0,-746,0.20190812704967237
13,child,19,-868,0,0,-868,0.20190812704967237
13,child,20,-704,0,0,-704,0.20190812704967237
13,child,21,-937,0,0,-937,0.20190812704967237
13,child,22,-830,0,0,-830,0.20190812704967237
13,child,23,19274,2,0,-726,0.20190812704967237
14,champion,-1,29518,3,0,-482,0.1958508832381822
14,child,0,-814,0,0,-814,0.1958508832381822
14,child,1,19639,2,0,-361,0.1958508832381822
14,child,2,9082,1,0,-918,0.1958508832381822
14,child,3,19451,2,0,-549,0.1958508832381822
14,child,4,19445,2,0,-555,0.1958508832381822
14,child,5,29542,3,0,-458,0.1958508832381822
14,child,6,-682,0,0,-682,0.1958508832381822
14,child,7,-958,0,0,-958,0.1958508832381822
14,child,8,9241,1,0,-759,0.1958508832381822
14,child,9,9234,1,0,-766,0.1958508832381822
14,child,10,-765,0,0,-765,0.1958508832381822
14,child,11,-886,0,0,-886,0.1958508832381822
14,child,12,19059,2,0,-941,0.1958508832381822
14,child,13,19050,2,0,-950,0.1958508832381822
14,child,14,-1073,0,0,-1073,0.1958508832381822
14,child,15,9571,1,0,-429,0.1958508832381822
14,child,16,19392,2,0,-608,0.1958508832381822
14,child,17,19397,2,0,-603,0.1958508832381822
14,child,18,19471,2,0,-529,0.1958508832381822
14,child,19,9377,1,0,-623,0.1958508832381822
14,child,20,29546,3,0,-454,0.1958508832381822
14,child,21,9391,1,0,-609,0.1958508832381822
14,child,22,9340,1,0,-660,0.1958508832381822
14,child,23,-1296,0,0,-1296,0.1958508832381822
15,champion,-1,19332,2,0,-668,0.18997535674103672
15,child,0,-895,0,0,-895,0.18997535674103672
15,child,1,-756,0,0,-756,0.18997535674103672
15,child,2,19419,2,0,-581,0.18997535674103672
15,child,3,-933,0,0,-933,0.18997535674103672
15,child,4,-860,0,0,-860,0.18997535674103672
15,child,5,-727,0,0,-727,0.18997535674103672
15,child,6,9262,1,0,-738,0.18997535674103672
15,child,7,-1058,0,0,-1058,0.18997535674103672
15,child,8,9295,1,0,-705,0.18997535674103672
15,child,9,-1053,0,0,-1053,0.18997535674103672
15,child,10,-670,0,0,-670,0.18997535674103672
15,child,11,-1530,0,0,-1530,0.18997535674103672
15,child,12,19018,2,0,-982,0.18997535674103672
15,child,13,-965,0,0,-965,0.18997535674103672
15,child,14,-1272,0,0,-1272,0.18997535674103672
15,child,15,9114,1,0,-886,0.18997535674103672
15,child,16,8960,1,0,-1040,0.18997535674103672
15,child,17,9227,1,0,-773,0.18997535674103672
15,child,18,-900,0,0,-900,0.18997535674103672
15,child,19,-724,0,0,-724,0.18997535674103672
15,child,20,-1151,0,0,-1151,0.18997535674103672
15,child,21,-793,0,0,-793,0.18997535674103672
15,child,22,9214,1,0,-786,0.18997535674103672
15,child,23,9355,1,0,-645,0.18997535674103672
16,champion,-1,9356,1,0,-644,0.1842760960388056
0,champion,0,-412,0,0,-412,0.3
1,champion,-1,-513,0,0,-513,0.291
0,champion,0,60271,6,0,271,0.3
1,champion,-1,60251,6,0,251,0.291
1,child,0,60209,6,0,209,0.291
1,child,1,60143,6,0,143,0.291
1,child,2,52161,5,1,161,0.291
1,child,3,60365,6,0,365,0.291
1,child,4,50129,5,0,129,0.291
1,child,5,60267,6,0,267,0.291
1,child,6,60312,6,0,312,0.291
1,child,7,40126,4,0,126,0.291
1,child,8,52147,5,1,147,0.291
1,child,9,60261,6,0,261,0.291
1,child,10,60005,6,0,5,0.291
1,child,11,60250,6,0,250,0.291
1,child,12,60187,6,0,187,0.291
1,child,13,50126,5,0,126,0.291
1,child,14,50049,5,0,49,0.291
1,child,15,60110,6,0,110,0.291
1,child,16,60083,6,0,83,0.291
1,child,17,60259,6,0,259,0.291
1,child,18,60109,6,0,109,0.291
1,child,19,50106,5,0,106,0.291
1,child,20,60244,6,0,244,0.291
1,child,21,60225,6,0,225,0.291
1,child,22,60259,6,0,259,0.291
1,child,23,50091,5,0,91,0.291
2,champion,-1,60352,6,0,352,0.28226999999999997
2,child,0,60229,6,0,229,0.28226999999999997
2,child,1,60247,6,0,247,0.28226999999999997
2,child,2,50056,5,0,56,0.28226999999999997
2,child,3,60172,6,0,172,0.28226999999999997
2,child,4,60163,6,0,163,0.28226999999999997
2,child,5,60158,6,0,158,0.28226999999999997
2,child,6,60175,6,0,175,0.28226999999999997
2,child,7,60222,6,0,222,0.28226999999999997
2,child,8,60179,6,0,179,0.28226999999999997
2,child,9,60281,6,0,281,0.28226999999999997
2,child,10,60242,6,0,242,0.28226999999999997
2,child,11,60108,6,0,108,0.28226999999999997
2,child,12,60165,6,0,165,0.28226999999999997
2,child,13,50162,5,0,162,0.28226999999999997
2,child,14,60448,6,0,448,0.28226999999999997
2,child,15,39997,4,0,-3,0.28226999999999997
2,child,16,60352,6,0,352,0.28226999999999997
2,child,17,60181,6,0,181,0.28226999999999997
2,child,18,60148,6,0,148,0.28226999999999997
2,child,19,60055,6,0,55,0.28226999999999997
2,child,20,60400,6,0,400,0.28226999999999997
2,child,21,60242,6,0,242,0.28226999999999997
2,child,22,60232,6,0,232,0.28226999999999997
2,child,23,60248,6,0,248,0.28226999999999997
3,champion,-1,60476,6,0,476,0.27380189999999993
3,child,0,60148,6,0,148,0.27380189999999993
3,child,1,50134,5,0,134,0.27380189999999993
3,child,2,60300,6,0,300,0.27380189999999993
3,child,3,60419,6,0,419,0.27380189999999993
3,child,4,60333,6,0,333,0.27380189999999993
3,child,5,60200,6,0,200,0.27380189999999993
3,child,6,60187,6,0,187,0.27380189999999993
3,child,7,60418,6,0,418,0.27380189999999993
3,child,8,60229,6,0,229,0.27380189999999993
3,child,9,60180,6,0,180,0.27380189999999993
3,child,10,60171,6,0,171,0.27380189999999993
3,child,11,60209,6,0,209,0.27380189999999993
3,child,12,60392,6,0,392,0.27380189999999993
3,child,13,60190,6,0,190,0.27380189999999993
3,child,14,60161,6,0,161,0.27380189999999993
3,child,15,60109,6,0,109,0.27380189999999993
3,child,16,50168,5,0,168,0.27380189999999993
3,child,17,60265,6,0,265,0.27380189999999993
3,child,18,60484,6,0,484,0.27380189999999993
3,child,19,60333,6,0,333,0.27380189999999993
3,child,20,60069,6,0,69,0.27380189999999993
3,child,21,50165,5,0,165,0.27380189999999993
3,child,22,60080,6,0,80,0.27380189999999993
3,child,23,60258,6,0,258,0.27380189999999993
4,champion,-1,60454,6,0,454,0.26558784299999993
4,child,0,60116,6,0,116,0.26558784299999993
4,child,1,60375,6,0,375,0.26558784299999993
4,child,2,60241,6,0,241,0.26558784299999993
4,child,3,50310,5,0,310,0.26558784299999993
4,child,4,60493,6,0,493,0.26558784299999993
4,child,5,50110,5,0,110,0.26558784299999993
4,child,6,60173,6,0,173,0.26558784299999993
4,child,7,60104,6,0,104,0.26558784299999993
4,child,8,60421,6,0,421,0.26558784299999993
4,child,9,60337,6,0,337,0.26558784299999993
4,child,10,60084,6,0,84,0.26558784299999993
4,child,11,60306,6,0,306,0.26558784299999993
4,child,12,60444,6,0,444,0.26558784299999993
4,child,13,60261,6,0,261,0.26558784299999993
4,child,14,60343,6,0,343,0.26558784299999993
4,child,15,60384,6,0,384,0.26558784299999993
4,child,16,60295,6,0,295,0.26558784299999993
4,child,17,60425,6,0,425,0.26558784299999993
4,child,18,50171,5,0,171,0.26558784299999993
4,child,19,50109,5,0,109,0.26558784299999993
4,child,20,60190,6,0,190,0.26558784299999993
4,child,21,60305,6,0,305,0.26558784299999993
4,child,22,60308,6,0,308,0.26558784299999993
4,child,23,60433,6,0,433,0.26558784299999993
5,champion,-1,60475,6,0,475,0.25762020770999994
5,child,0,60489,6,0,489,0.25762020770999994
5,child,1,60235,6,0,235,0.25762020770999994
5,child,2,60343,6,0,343,0.25762020770999994
5,child,3,60454,6,0,454,0.25762020770999994
5,child,4,60323,6,0,323,0.25762020770999994
5,child,5,60421,6,0,421,0.25762020770999994
5,child,6,60470,6,0,470,0.25762020770999994
5,child,7,60427,6,0,427,0.25762020770999994
5,child,8,60289,6,0,289,0.25762020770999994
5,child,9,60416,6,0,416,0.25762020770999994
5,child,10,50010,5,0,10,0.25762020770999994
5,child,11,60264,6,0,264,0.25762020770999994
5,child,12,60105,6,0,105,0.25762020770999994
5,child,13,60520,6,0,520,0.25762020770999994
5,child,14,60139,6,0,139,0.25762020770999994
5,child,15,60256,6,0,256,0.25762020770999994
5,child,16,60279,6,0,279,0.25762020770999994
5,child,17,60166,6,0,166,0.25762020770999994
5,child,18,40076,4,0,76,0.25762020770999994
5,child,19,60510,6,0,510,0.25762020770999994
5,child,20,60304,6,0,304,0.25762020770999994
5,child,21,60423,6,0,423,0.25762020770999994
5,child,22,50164,5,0,164,0.25762020770999994
5,child,23,60280,6,0,280,0.25762020770999994
